experiment,method,n_views,n_total,n_objects,n_planes_predicted_mean,n_true_planes_mean,n_planes_matched_mean,recall_planes_mean,precision_planes_mean,sde_ref_mean,sde_ref_min,sde_ref_max,f1_ref,f1_ref_hungarian,angular_error_mean,angular_error_median,angular_error_std,translation_error_mean,translation_error_median,translation_error_std,translation_error_normalized_mean,translation_error_normalized_median,auc_angular,n_points_mean,precision_5deg,precision_10deg,precision_15deg
plane_v04_1_ndcfix_expA_mp3_nomesh,triangulation_multiplane,6,850,707,1.0,1.1754,0.2348,0.2185,0.2348,0.01817301,7.27e-06,0.06389769,0.1176,0.1271,,,,,,,,,,,,,
plane_v04_1_ndcfix_expA_mp3_nomesh,triangulation_multiplane,14,850,553,1.8915,1.1682,0.9295,0.8544,0.5163,0.01075902,4.22e-06,0.10906857,0.3675,0.37,,,,,,,,,,,,,
plane_v04_1_ndcfix_expA_mp3_nomesh,triangulation_multiplane,26,850,687,2.3901,1.1601,0.9272,0.8231,0.4231,0.01315817,6e-08,0.12233593,0.1503,0.1624,,,,,,,,,,,,,
plane_v04_1_ndcfix_expC_mp3_nomesh,triangulation_multiplane,6,850,707,1.0,1.1754,0.2235,0.2079,0.2235,0.01953213,2.613e-05,0.08025492,0.1122,0.1213,,,,,,,,,,,,,
plane_v04_1_ndcfix_expC_mp3_nomesh,triangulation_multiplane,14,850,553,1.8915,1.1682,0.9331,0.8562,0.519,0.01084629,2.97e-06,0.11387736,0.3642,0.3667,,,,,,,,,,,,,
plane_v04_1_ndcfix_expC_mp3_nomesh,triangulation_multiplane,26,850,687,2.3901,1.1601,0.9258,0.8217,0.4226,0.01324694,6.1e-07,0.11470089,0.1493,0.1613,,,,,,,,,,,,,
plane_v04_1_ndcfix_expC_nomesh,triangulation,6,850,707,,,,,,,,,,,44.4173,39.837,26.9279,0.006461,0.000833,0.033328,0.006548,0.000834,0.2283,4.0,0.0529,0.1824,0.1859
plane_v04_1_ndcfix_expC_nomesh,triangulation,14,850,553,,,,,,,,,,,53.3763,63.8795,35.1441,0.005788,0.002057,0.016557,0.005794,0.002061,0.2831,8.0,0.2329,0.2694,0.2847
plane_v04_1_ndcfix_expC_nomesh,triangulation,26,850,687,,,,,,,,,,,46.5656,45.6147,27.2534,0.002531,0.000516,0.009036,0.002541,0.000516,0.1914,15.96,0.1529,0.1553,0.1635
plane_v04_1_ndcfix_expD_mp3_nomesh,triangulation_multiplane,6,850,707,1.0,1.1754,0.2348,0.2185,0.2348,0.01818117,5.79e-06,0.06725358,0.1176,0.1271,,,,,,,,,,,,,
plane_v04_1_ndcfix_expD_mp3_nomesh,triangulation_multiplane,14,850,553,1.8915,1.1682,0.9295,0.8544,0.5163,0.01075102,4.16e-06,0.11197805,0.3675,0.37,,,,,,,,,,,,,
plane_v04_1_ndcfix_expD_mp3_nomesh,triangulation_multiplane,26,850,687,2.3901,1.1601,0.9258,0.8217,0.4216,0.01318359,7e-08,0.1131641,0.1501,0.1622,,,,,,,,,,,,,
plane_v04_1_ndcfix_expF_mp3_nomesh,triangulation_multiplane,6,850,386,1.0,1.1788,0.4093,0.3808,0.4093,0.00540779,2.179e-05,0.02141055,0.2049,0.2218,,,,,,,,,,,,,
plane_v04_1_ndcfix_expF_mp3_nomesh,triangulation_multiplane,14,850,401,1.606,1.1796,0.9277,0.8466,0.6521,0.00476827,3.1e-06,0.0215064,0.4075,0.4252,,,,,,,,,,,,,
plane_v04_1_ndcfix_expF_mp3_nomesh,triangulation_multiplane,26,850,367,1.8828,1.1798,0.8392,0.7489,0.5104,0.00532018,6.5e-07,0.02183243,0.2559,0.2785,,,,,,,,,,,,,
plane_v04_1_ndcfix_nomesh,triangulation_multiplane,6,850,707,1.0,1.1754,0.2235,0.2079,0.2235,0.01954284,2.212e-05,0.07547412,0.1122,0.1213,,,,,,,,,,,,,
plane_v04_1_ndcfix_nomesh,triangulation_multiplane,14,850,553,1.8915,1.1682,0.9331,0.8562,0.519,0.01082771,2.91e-06,0.10780611,0.3642,0.3667,,,,,,,,,,,,,
plane_v04_1_ndcfix_nomesh,triangulation_multiplane,26,850,687,2.3901,1.1601,0.9258,0.8217,0.4226,0.01323142,8.3e-07,0.11366729,0.1493,0.1613,,,,,,,,,,,,,
