experiment,method,n_views,n_total,n_objects,angular_error_mean,angular_error_median,angular_error_std,translation_error_mean,translation_error_median,translation_error_std,translation_error_normalized_mean,translation_error_normalized_median,auc_angular,n_points_mean,precision_5deg,precision_10deg,precision_15deg,sde_ref_mean,sde_ref_min,sde_ref_max,f1_ref,f1_ref_hungarian,f1_ref_t005,f1_ref_t010,f1_ref_t015,f1_ref_t020,f1_ref_hungarian_t005,f1_ref_hungarian_t010,f1_ref_hungarian_t015,f1_ref_hungarian_t020,tp_t005,fp_t005,fn_t005,tp_t010,fp_t010,fn_t010,tp_t015,fp_t015,fn_t015,tp_t020,fp_t020,fn_t020
plane_v00_1_ndcfix_mp1_nomesh,triangulation,6,850,737,40.1829,39.8239,27.5568,0.013292,0.000836,0.059883,0.013406,0.000837,0.2917,3.99,0.0894,0.2518,0.2624,0.01846412,4.75e-06,0.63087899,0.1523,0.1649,0.0218,0.0989,0.2379,0.2506,0.0236,0.107,0.2576,0.2713,19,851,851,86,784,784,207,663,663,218,652,652
plane_v00_1_ndcfix_mp1_nomesh,triangulation,14,850,582,53.1823,63.8499,33.9102,0.00874,0.002118,0.023459,0.00877,0.002118,0.2683,8.0,0.1906,0.2388,0.2518,0.01248767,2.82e-06,0.07161525,0.2173,0.2367,0.0374,0.2471,0.2859,0.2989,0.0407,0.2692,0.3114,0.3255,26,670,670,172,524,524,199,497,497,208,488,488
plane_v00_1_ndcfix_mp1_nomesh,triangulation,26,850,837,36.2274,42.8601,22.2976,0.005099,0.000542,0.015191,0.005115,0.000542,0.2745,15.96,0.2094,0.2176,0.2353,0.01738913,6.3e-07,0.33308857,0.1771,0.1926,0.1613,0.1784,0.1824,0.1864,0.1755,0.194,0.1984,0.2027,161,837,837,178,820,820,182,816,816,186,812,812
plane_v00_ndcfix_mp1_nomesh,triangulation,6,850,833,35.697,30.2953,32.4358,0.078273,0.014192,0.231915,0.078463,0.014192,0.4367,3.8,0.1718,0.3765,0.4212,0.07071665,4.23e-06,19.07691266,0.1945,0.2117,0.0543,0.1437,0.2704,0.3095,0.0591,0.1565,0.2943,0.337,54,941,941,143,852,852,269,726,726,308,687,687
plane_v00_ndcfix_mp1_nomesh,triangulation,14,850,777,43.7513,48.8697,33.3357,0.027086,0.006091,0.044017,0.02715,0.006199,0.3533,7.99,0.2459,0.3153,0.3553,0.01569229,3.29e-06,0.28790901,0.2115,0.2291,0.0532,0.2302,0.2704,0.2921,0.0577,0.2497,0.2933,0.3157,49,872,872,212,709,709,249,672,672,269,652,652
plane_v00_ndcfix_mp1_nomesh,triangulation,26,850,810,40.1859,42.1212,27.3083,0.024574,0.002804,0.052095,0.024609,0.002863,0.2961,15.77,0.1635,0.1871,0.2282,0.01995882,1.19e-06,0.61218675,0.1482,0.1614,0.126,0.1436,0.1519,0.1715,0.1372,0.1564,0.1654,0.1867,122,846,846,139,829,829,147,821,821,166,802,802
plane_v01_1_ndcfix_mp1_nomesh,triangulation,6,850,847,69.6644,86.4816,31.9541,0.123496,0.046743,0.226032,0.123746,0.046743,0.1651,3.39,0.1259,0.1459,0.1506,0.01591987,2.86e-06,0.31856566,0.0967,0.0961,0.0544,0.091,0.1108,0.1306,0.0527,0.0904,0.1098,0.1313,55,956,956,92,919,919,112,899,899,132,879,879
plane_v01_1_ndcfix_mp1_nomesh,triangulation,14,850,847,71.1864,77.7965,20.5353,0.041716,0.024758,0.054926,0.041784,0.024907,0.0564,8.18,0.0082,0.0235,0.0353,0.02954324,4.523e-05,0.46993389,0.0121,0.0129,0.002,0.0079,0.0159,0.0228,0.0022,0.0086,0.0172,0.0237,2,1007,1007,8,1001,1001,16,993,993,23,986,986
plane_v01_1_ndcfix_mp1_nomesh,triangulation,26,850,844,81.1873,83.5349,10.0258,0.034901,0.024011,0.041939,0.034948,0.024233,0.0126,15.95,0.0012,0.0012,0.0165,0.0405364,4.607e-05,0.8878885,0.0012,0.0013,0.001,0.001,0.001,0.002,0.0011,0.0011,0.0011,0.0022,1,1007,1007,1,1007,1007,1,1007,1007,2,1006,1006
plane_v01_ndcfix_mp1_nomesh,triangulation,6,850,846,69.2439,86.5693,32.3529,0.121422,0.046741,0.203992,0.121602,0.046741,0.1703,3.39,0.1341,0.1459,0.1506,0.01671676,4.58e-06,0.36134282,0.0978,0.0994,0.0535,0.097,0.1129,0.1277,0.055,0.0981,0.1142,0.1304,54,956,956,98,912,912,114,896,896,129,881,881
plane_v01_ndcfix_mp1_nomesh,triangulation,14,850,846,72.4893,80.0411,20.3251,0.047058,0.026888,0.060323,0.047105,0.027133,0.0524,8.17,0.0106,0.0247,0.0353,0.03654793,2.778e-05,3.3385174,0.0139,0.0148,0.003,0.0099,0.0179,0.0248,0.0032,0.0108,0.0194,0.0259,3,1005,1005,10,998,998,18,990,990,25,983,983
plane_v01_ndcfix_mp1_nomesh,triangulation,26,850,840,81.0658,83.5229,10.5735,0.035731,0.02502,0.043143,0.035784,0.025071,0.0145,15.94,0.0012,0.0024,0.0165,0.04747234,1.189e-05,1.95224866,0.001,0.0011,0.0,0.001,0.001,0.002,0.0,0.0011,0.0011,0.0022,0,1004,1004,1,1003,1003,1,1003,1003,2,1002,1002
plane_v02_1_ndcfix_mp1_nomesh,triangulation,6,850,717,38.7289,39.8183,30.6714,0.013829,0.000837,0.053348,0.013946,0.000837,0.3551,3.99,0.1353,0.34,0.3482,0.01520204,4.08e-06,0.26197051,0.2161,0.2344,0.033,0.1543,0.3333,0.3439,0.0358,0.1673,0.3614,0.3729,28,821,821,131,718,718,283,566,566,292,557,557
plane_v02_1_ndcfix_mp1_nomesh,triangulation,14,850,544,51.3471,63.6023,36.8716,0.01215,0.002163,0.028928,0.012272,0.002164,0.3225,8.0,0.24,0.3094,0.3318,0.00951447,8.36e-06,0.14662936,0.3005,0.3268,0.0664,0.3333,0.3904,0.412,0.0721,0.3624,0.4245,0.448,43,605,605,216,432,432,253,395,395,267,381,381
plane_v02_1_ndcfix_mp1_nomesh,triangulation,26,850,779,37.4598,42.7601,27.2247,0.007205,0.000535,0.020914,0.007238,0.000535,0.3155,15.91,0.2529,0.2647,0.2812,0.01454846,1.47e-06,0.1076173,0.2314,0.2513,0.2138,0.2322,0.2354,0.2441,0.2323,0.2522,0.2557,0.2651,198,728,728,215,711,711,218,708,708,226,700,700
plane_v02_ndcfix_mp1_nomesh,triangulation,6,850,792,30.8615,39.6786,28.4302,0.012904,0.000819,0.054321,0.01291,0.000819,0.455,3.97,0.1612,0.4647,0.4718,0.01119066,1.54e-06,0.07457643,0.2569,0.2789,0.0181,0.1745,0.4138,0.4213,0.0196,0.1894,0.4492,0.4573,17,923,923,164,776,776,389,551,551,396,544,544
plane_v02_ndcfix_mp1_nomesh,triangulation,14,850,658,42.9079,46.6484,35.3872,0.008826,0.001164,0.026071,0.008837,0.001164,0.3908,8.0,0.2929,0.3706,0.4,0.00921505,4.29e-06,0.07015348,0.3015,0.3265,0.0463,0.3488,0.3977,0.4131,0.0502,0.3777,0.4307,0.4474,36,741,741,271,506,506,309,468,468,321,456,456
plane_v02_ndcfix_mp1_nomesh,triangulation,26,850,828,32.4675,41.4883,25.1512,0.005056,0.000529,0.016194,0.005063,0.000529,0.3685,15.95,0.3024,0.3165,0.3318,0.01373139,6e-07,0.11341172,0.2604,0.2834,0.2376,0.2619,0.269,0.273,0.2587,0.2851,0.2928,0.2972,235,754,754,259,730,730,266,723,723,270,719,719
plane_v03_1_ndcfix_mp1_nomesh,triangulation,6,850,838,67.2752,87.0729,33.9316,0.124995,0.044632,0.236754,0.125153,0.044866,0.1912,3.35,0.1659,0.1812,0.1859,0.02168365,3.8e-07,0.86701681,0.1256,0.1291,0.0799,0.1189,0.1439,0.1598,0.0816,0.1229,0.149,0.1631,80,921,921,119,882,882,144,857,857,160,841,841
plane_v03_1_ndcfix_mp1_nomesh,triangulation,14,850,841,70.586,79.0309,22.5174,0.053371,0.028919,0.078188,0.053491,0.029018,0.0715,8.11,0.0165,0.04,0.0518,0.03552921,2.543e-05,0.43433062,0.0232,0.0244,0.007,0.019,0.0299,0.0369,0.0076,0.0195,0.0315,0.0391,7,995,995,19,983,983,30,972,972,37,965,965
plane_v03_1_ndcfix_mp1_nomesh,triangulation,26,850,826,80.6693,83.6642,11.4916,0.038015,0.022352,0.093053,0.038083,0.022496,0.0135,15.84,0.0035,0.0047,0.0118,0.04798346,1.418e-05,2.01085217,0.0033,0.0036,0.001,0.004,0.004,0.004,0.0011,0.0044,0.0044,0.0044,1,988,988,4,985,985,4,985,985,4,985,985
plane_v03_ndcfix_mp1_nomesh,triangulation,6,850,843,66.594,87.3131,34.4526,0.126568,0.044484,0.226832,0.126703,0.044823,0.1996,3.33,0.1682,0.1871,0.1976,0.0197198,4.23e-06,0.80411365,0.1279,0.1314,0.0775,0.1231,0.148,0.1629,0.0789,0.1265,0.1524,0.1676,78,929,929,124,883,883,149,858,858,164,843,843
plane_v03_ndcfix_mp1_nomesh,triangulation,14,850,840,70.9727,79.3486,22.3345,0.05195,0.028809,0.075192,0.052067,0.029028,0.0673,8.11,0.0165,0.0329,0.0482,0.03807465,2.963e-05,0.94759734,0.0202,0.0217,0.008,0.0149,0.0259,0.0319,0.0087,0.0163,0.0282,0.0336,8,996,996,15,989,989,26,978,978,32,972,972
plane_v03_ndcfix_mp1_nomesh,triangulation,26,850,823,80.7196,83.7335,11.6297,0.034677,0.024581,0.041718,0.034744,0.024588,0.0138,15.84,0.0035,0.0047,0.0153,0.05309254,2.127e-05,1.31892248,0.003,0.0033,0.001,0.003,0.0041,0.0041,0.0011,0.0033,0.0044,0.0044,1,986,986,3,984,984,4,983,983,4,983,983
plane_v04_1_ndcfix_mp1_nomesh,triangulation,6,850,707,44.4173,39.837,26.9279,0.006461,0.000833,0.033328,0.006548,0.000834,0.2283,4.0,0.0529,0.1824,0.1859,0.01952295,2.482e-05,0.07451002,0.1122,0.1213,0.0108,0.0698,0.1817,0.1865,0.0117,0.0754,0.1964,0.2016,9,822,822,58,773,773,151,680,680,155,676,676
plane_v04_1_ndcfix_mp1_nomesh,triangulation,14,850,553,53.3763,63.8795,35.1441,0.005788,0.002057,0.016557,0.005794,0.002061,0.2831,8.0,0.2329,0.2694,0.2847,0.01128402,3.05e-06,0.06723845,0.2651,0.2857,0.0294,0.3282,0.3467,0.356,0.0317,0.3536,0.3736,0.3837,19,627,627,212,434,434,224,422,422,230,416,416
plane_v04_1_ndcfix_mp1_nomesh,triangulation,26,850,687,46.5656,45.6147,27.2534,0.002531,0.000516,0.009036,0.002541,0.000516,0.1914,15.96,0.1529,0.1553,0.1635,0.02047633,7.5e-07,0.11040896,0.1606,0.1725,0.143,0.1644,0.1656,0.1694,0.1536,0.1765,0.1779,0.1819,114,683,683,131,666,666,132,665,665,135,662,662
plane_v04_ndcfix_mp1_nomesh,triangulation,6,850,648,45.6419,39.8399,30.0602,0.007088,0.000828,0.034095,0.007094,0.000828,0.2556,4.0,0.0706,0.2259,0.2329,0.01766059,6.56e-06,0.10225301,0.1559,0.1675,0.0186,0.1011,0.246,0.258,0.02,0.1086,0.2643,0.2771,14,738,738,76,676,676,185,567,567,194,558,558
plane_v04_ndcfix_mp1_nomesh,triangulation,14,850,641,45.4905,60.5111,35.3447,0.006844,0.001926,0.023087,0.006848,0.001976,0.362,8.0,0.2976,0.3482,0.3647,0.00991036,7e-06,0.11295812,0.3009,0.3248,0.0665,0.3524,0.383,0.4016,0.0718,0.3805,0.4135,0.4336,50,702,702,265,487,487,288,464,464,302,450,450
plane_v04_ndcfix_mp1_nomesh,triangulation,26,850,756,41.8256,45.139,25.5287,0.002491,0.000515,0.007579,0.002496,0.000515,0.2275,15.96,0.1812,0.1824,0.1929,0.01844223,1.03e-06,0.07779127,0.1684,0.1826,0.1542,0.1721,0.1732,0.1743,0.1672,0.1866,0.1878,0.189,138,757,757,154,741,741,155,740,740,156,739,739
plane_v05_1_ndcfix_mp1_nomesh,triangulation,6,850,796,34.6692,8.363,35.1062,0.044091,0.004915,0.105251,0.044195,0.004915,0.4936,3.85,0.2141,0.5176,0.5365,0.01111478,1.6e-07,0.24763098,0.2885,0.3136,0.0464,0.2046,0.4378,0.4652,0.0505,0.2225,0.4759,0.5057,44,904,904,194,754,754,415,533,533,441,507,507
plane_v05_1_ndcfix_mp1_nomesh,triangulation,14,850,684,44.5665,47.9851,36.061,0.017499,0.002962,0.034216,0.017657,0.002962,0.3805,8.01,0.2624,0.3494,0.3859,0.01185015,2.53e-06,0.17822467,0.2815,0.3051,0.0964,0.3041,0.3535,0.3721,0.1045,0.3295,0.3831,0.4032,78,731,731,246,563,563,286,523,523,301,508,508
plane_v05_1_ndcfix_mp1_nomesh,triangulation,26,850,827,39.7473,42.0136,25.3237,0.019293,0.000802,0.045506,0.019325,0.000802,0.2771,15.85,0.1624,0.1741,0.1953,0.02564921,3.6e-07,1.23053361,0.1417,0.1543,0.1265,0.1407,0.1457,0.1538,0.1377,0.1532,0.1587,0.1675,125,863,863,139,849,849,144,844,844,152,836,836
plane_v05_ndcfix_mp1_nomesh,triangulation,6,850,839,61.1189,86.311,37.5441,0.189118,0.06272,0.470101,0.189567,0.06272,0.2657,3.39,0.1835,0.2435,0.2682,0.02801965,1.31e-06,0.88358725,0.1431,0.1498,0.0513,0.1368,0.1751,0.2093,0.0546,0.1429,0.1833,0.2182,51,943,943,136,858,858,174,820,820,208,786,786
plane_v05_ndcfix_mp1_nomesh,triangulation,14,850,812,64.9865,80.67,30.0742,0.049999,0.026628,0.104581,0.050227,0.026628,0.1602,8.11,0.0635,0.1188,0.1447,0.04576204,8.05e-06,2.35691925,0.074,0.08,0.0239,0.0675,0.0914,0.1132,0.0259,0.0732,0.0992,0.1217,23,940,940,65,898,898,88,875,875,109,854,854
plane_v05_ndcfix_mp1_nomesh,triangulation,26,850,848,76.1929,81.7918,17.3269,0.037581,0.024453,0.052377,0.037779,0.024453,0.0365,15.73,0.02,0.0212,0.0329,0.05264399,2.233e-05,1.19372357,0.0158,0.0164,0.0089,0.0178,0.0178,0.0188,0.0097,0.0183,0.0183,0.0194,9,1003,1003,18,994,994,18,994,994,19,993,993
plane_v06_ndcfix_mp1_nomesh,triangulation,6,850,730,37.2799,39.8144,30.2142,0.011624,0.000828,0.04365,0.011893,0.000828,0.3713,3.99,0.1212,0.3612,0.3706,0.01453625,3.64e-06,0.08018011,0.2188,0.2371,0.0266,0.1458,0.3438,0.3588,0.0289,0.1581,0.3726,0.389,23,841,841,126,738,738,297,567,567,310,554,554
plane_v06_ndcfix_mp1_nomesh,triangulation,14,850,531,50.3623,63.5422,37.6882,0.010756,0.001526,0.029191,0.010904,0.001526,0.3425,8.0,0.2529,0.3282,0.3529,0.00852736,6.9e-07,0.09327448,0.3347,0.3621,0.0703,0.3818,0.4329,0.4537,0.0761,0.4131,0.4685,0.4909,44,582,582,239,387,387,271,355,355,284,342,342
plane_v06_ndcfix_mp1_nomesh,triangulation,26,850,822,34.3068,42.423,24.7372,0.006289,0.000525,0.026555,0.006315,0.000525,0.331,15.96,0.2741,0.2835,0.2953,0.01587791,1.7e-07,0.76822251,0.2365,0.2569,0.2147,0.2393,0.2423,0.2495,0.2333,0.26,0.2633,0.2711,210,768,768,234,744,744,237,741,741,244,734,734
plane_v07_ndcfix_mp1_nomesh,triangulation,6,850,652,47.0233,39.8428,28.4303,0.005689,0.000837,0.031577,0.005693,0.000837,0.2191,4.0,0.0541,0.1635,0.1788,0.02020321,1.882e-05,0.10665181,0.1144,0.1233,0.0144,0.0734,0.1756,0.194,0.0155,0.0792,0.1894,0.2092,11,752,752,56,707,707,134,629,629,148,615,615
plane_v07_ndcfix_mp1_nomesh,triangulation,14,850,501,58.979,63.8811,33.4062,0.005183,0.0016,0.015112,0.00519,0.001624,0.2198,8.0,0.1694,0.2059,0.2106,0.01374186,6.5e-07,0.07171918,0.2211,0.2388,0.0272,0.2653,0.2925,0.2993,0.0294,0.2865,0.3159,0.3232,16,572,572,156,432,432,172,416,416,176,412,412
plane_v07_ndcfix_mp1_nomesh,triangulation,26,850,709,45.7482,45.8362,26.8667,0.003514,0.000524,0.013345,0.003524,0.000524,0.1946,15.98,0.1635,0.1659,0.1694,0.02056768,2.53e-06,0.10270169,0.1594,0.1732,0.1398,0.1647,0.1659,0.1671,0.152,0.179,0.1803,0.1816,118,726,726,139,705,705,140,704,704,141,703,703
