experiment,method,n_views,n_objects,angular_error_mean,angular_error_median,angular_error_std,translation_error_mean,translation_error_median,translation_error_std,auc_angular,n_points_mean,precision_5deg,precision_10deg,precision_15deg
axis_v00,ransac_svd_sde,1,8,62.6989,75.8477,29.954,0.088446,0.055959,0.077447,0.1737,2.0,0.0,0.125,0.125
axis_v00,ransac_svd_sde,6,65,40.0255,31.1854,30.0755,0.104819,0.085172,0.085787,0.3615,6.74,0.0923,0.2154,0.2923
axis_v00,ransac_svd_sde,14,84,44.6129,40.7018,32.1645,0.102868,0.067094,0.088346,0.3261,12.17,0.0476,0.2381,0.3095
axis_v00,ransac_svd_sde,26,58,47.0102,52.2422,34.1464,0.114221,0.088384,0.08988,0.3354,14.41,0.1207,0.2586,0.2931
axis_v00,ransac_svd,1,8,62.6989,75.8477,29.954,0.088446,0.055959,0.077447,0.1737,2.0,0.0,0.125,0.125
axis_v00,ransac_svd,6,65,40.0255,31.1854,30.0755,0.104819,0.085172,0.085787,0.3615,6.74,0.0923,0.2154,0.2923
axis_v00,ransac_svd,14,84,44.6129,40.7018,32.1645,0.102868,0.067094,0.088346,0.3261,12.17,0.0476,0.2381,0.3095
axis_v00,ransac_svd,26,58,47.0102,52.2422,34.1464,0.114221,0.088384,0.08988,0.3354,14.41,0.1207,0.2586,0.2931
axis_v00,svd_sde,1,8,62.6989,75.8477,29.954,0.088446,0.055959,0.077447,0.1737,2.0,0.0,0.125,0.125
axis_v00,svd_sde,6,65,35.0578,24.1671,30.463,0.080939,0.057695,0.066576,0.4412,6.74,0.1231,0.2923,0.4154
axis_v00,svd_sde,14,84,35.0603,21.7491,31.7814,0.07015,0.052625,0.056178,0.4524,12.17,0.1548,0.381,0.4405
axis_v00,svd_sde,26,58,41.9388,30.7161,34.4426,0.066553,0.060559,0.052206,0.3975,14.41,0.1552,0.3103,0.3793
axis_v00,svd,1,8,62.6989,75.8477,29.954,0.088446,0.055959,0.077447,0.1737,2.0,0.0,0.125,0.125
axis_v00,svd,6,65,35.0578,24.1671,30.463,0.080939,0.057695,0.066576,0.4412,6.74,0.1231,0.2923,0.4154
axis_v00,svd,14,84,35.0603,21.7491,31.7814,0.07015,0.052625,0.056178,0.4524,12.17,0.1548,0.381,0.4405
axis_v00,svd,26,58,41.9388,30.7161,34.4426,0.066553,0.060559,0.052206,0.3975,14.41,0.1552,0.3103,0.3793
axis_v01,ransac_svd_sde,6,35,44.2951,40.9804,28.785,0.078983,0.081903,0.047002,0.2943,3.29,0.0,0.1143,0.1714
axis_v01,ransac_svd_sde,14,59,52.4345,58.2413,27.6216,0.080861,0.078068,0.050434,0.199,5.1,0.0339,0.0847,0.1695
axis_v01,ransac_svd_sde,26,68,49.3572,53.1608,30.0023,0.064397,0.049439,0.048944,0.2615,7.75,0.0147,0.0882,0.2206
axis_v01,ransac_svd,6,35,44.2951,40.9804,28.785,0.078983,0.081903,0.047002,0.2943,3.29,0.0,0.1143,0.1714
axis_v01,ransac_svd,14,59,52.4345,58.2413,27.6216,0.080861,0.078068,0.050434,0.199,5.1,0.0339,0.0847,0.1695
axis_v01,ransac_svd,26,68,49.3572,53.1608,30.0023,0.064397,0.049439,0.048944,0.2615,7.75,0.0147,0.0882,0.2206
axis_v01,svd_sde,6,35,39.5014,29.7082,29.3506,0.079822,0.084884,0.047825,0.3617,3.29,0.0857,0.2,0.2286
axis_v01,svd_sde,14,59,46.1472,45.5583,29.8353,0.076854,0.071239,0.047383,0.2964,5.1,0.0339,0.1017,0.2203
axis_v01,svd_sde,26,68,43.8546,46.8261,29.418,0.062896,0.054901,0.039592,0.3162,7.75,0.0441,0.1471,0.2647
axis_v01,svd,6,35,39.5014,29.7082,29.3506,0.079822,0.084884,0.047825,0.3617,3.29,0.0857,0.2,0.2286
axis_v01,svd,14,59,46.1472,45.5583,29.8353,0.076854,0.071239,0.047383,0.2964,5.1,0.0339,0.1017,0.2203
axis_v01,svd,26,68,43.8546,46.8261,29.418,0.062896,0.054901,0.039592,0.3162,7.75,0.0441,0.1471,0.2647
axis_v02,ransac_svd_sde,6,10,59.0434,53.335,24.2538,0.091241,0.086913,0.055985,0.0995,3.6,0.0,0.0,0.0
axis_v02,ransac_svd_sde,14,24,52.4438,58.7089,29.7994,0.067363,0.052348,0.048713,0.2242,4.33,0.0417,0.125,0.125
axis_v02,ransac_svd_sde,26,29,60.6779,69.9892,23.4794,0.063029,0.045518,0.044879,0.1031,5.93,0.0345,0.0345,0.069
axis_v02,ransac_svd,6,10,59.0434,53.335,24.2538,0.091241,0.086913,0.055985,0.0995,3.6,0.0,0.0,0.0
axis_v02,ransac_svd,14,24,52.4438,58.7089,29.7994,0.067363,0.052348,0.048713,0.2242,4.33,0.0417,0.125,0.125
axis_v02,ransac_svd,26,29,60.6779,69.9892,23.4794,0.063029,0.045518,0.044879,0.1031,5.93,0.0345,0.0345,0.069
axis_v02,svd_sde,6,10,55.9032,51.9331,27.0086,0.086744,0.086913,0.05851,0.1625,3.6,0.0,0.0,0.0
axis_v02,svd_sde,14,24,52.0445,53.201,28.796,0.059958,0.050572,0.04908,0.2167,4.33,0.0417,0.0833,0.0833
axis_v02,svd_sde,26,29,53.7499,56.9763,25.7201,0.058273,0.044868,0.040863,0.1766,5.93,0.0345,0.0345,0.0345
axis_v02,svd,6,10,55.9032,51.9331,27.0086,0.086744,0.086913,0.05851,0.1625,3.6,0.0,0.0,0.0
axis_v02,svd,14,24,52.0445,53.201,28.796,0.059958,0.050572,0.04908,0.2167,4.33,0.0417,0.0833,0.0833
axis_v02,svd,26,29,53.7499,56.9763,25.7201,0.058273,0.044868,0.040863,0.1766,5.93,0.0345,0.0345,0.0345
axis_v03,ransac_svd_sde,6,39,50.9708,54.6456,29.1893,0.103549,0.099818,0.062356,0.2255,3.62,0.0256,0.1282,0.2051
axis_v03,ransac_svd_sde,14,69,51.2792,60.3625,28.5541,0.079959,0.06823,0.056759,0.2245,5.74,0.0435,0.1159,0.1449
axis_v03,ransac_svd_sde,26,65,53.5232,57.0934,28.3748,0.08184,0.069223,0.061414,0.1999,10.82,0.0615,0.1231,0.1538
axis_v03,ransac_svd,6,39,50.9708,54.6456,29.1893,0.103549,0.099818,0.062356,0.2255,3.62,0.0256,0.1282,0.2051
axis_v03,ransac_svd,14,69,51.2792,60.3625,28.5541,0.079959,0.06823,0.056759,0.2245,5.74,0.0435,0.1159,0.1449
axis_v03,ransac_svd,26,65,53.5232,57.0934,28.3748,0.08184,0.069223,0.061414,0.1999,10.82,0.0615,0.1231,0.1538
axis_v03,svd_sde,6,39,48.8443,53.0255,31.0572,0.093853,0.099818,0.055124,0.2835,3.62,0.0256,0.1538,0.2308
axis_v03,svd_sde,14,69,42.6601,34.6617,30.4042,0.072211,0.055965,0.05248,0.3356,5.74,0.0725,0.2174,0.2754
axis_v03,svd_sde,26,65,45.9103,50.683,29.6643,0.075068,0.057967,0.04987,0.2908,10.82,0.0308,0.1692,0.2615
axis_v03,svd,6,39,48.8443,53.0255,31.0572,0.093853,0.099818,0.055124,0.2835,3.62,0.0256,0.1538,0.2308
axis_v03,svd,14,69,42.6601,34.6617,30.4042,0.072211,0.055965,0.05248,0.3356,5.74,0.0725,0.2174,0.2754
axis_v03,svd,26,65,45.9103,50.683,29.6643,0.075068,0.057967,0.04987,0.2908,10.82,0.0308,0.1692,0.2615
axis_v04,ransac_svd_sde,1,23,65.8756,69.0101,24.3868,0.072179,0.067623,0.050059,0.0954,2.0,0.0435,0.087,0.087
axis_v04,ransac_svd_sde,6,37,45.4061,48.0088,31.1567,0.116362,0.095678,0.095692,0.3088,4.65,0.0811,0.2162,0.2432
axis_v04,ransac_svd_sde,14,61,41.6866,31.7639,32.9744,0.09987,0.07069,0.086768,0.3739,6.46,0.0492,0.2623,0.3115
axis_v04,ransac_svd_sde,26,48,55.404,66.6904,30.8232,0.108522,0.084141,0.078537,0.2227,8.42,0.0625,0.125,0.1875
axis_v04,ransac_svd,1,23,65.8756,69.0101,24.3868,0.072179,0.067623,0.050059,0.0954,2.0,0.0435,0.087,0.087
axis_v04,ransac_svd,6,37,45.4061,48.0088,31.1567,0.116362,0.095678,0.095692,0.3088,4.65,0.0811,0.2162,0.2432
axis_v04,ransac_svd,14,61,41.6866,31.7639,32.9744,0.09987,0.07069,0.086768,0.3739,6.46,0.0492,0.2623,0.3115
axis_v04,ransac_svd,26,48,55.404,66.6904,30.8232,0.108522,0.084141,0.078537,0.2227,8.42,0.0625,0.125,0.1875
axis_v04,svd_sde,1,23,65.8756,69.0101,24.3868,0.072179,0.067623,0.050059,0.0954,2.0,0.0435,0.087,0.087
axis_v04,svd_sde,6,37,41.6818,37.0239,30.4958,0.072384,0.05631,0.054715,0.3401,4.65,0.0811,0.2432,0.2703
axis_v04,svd_sde,14,61,35.4333,22.2174,33.0982,0.064026,0.049915,0.051815,0.4661,6.46,0.1803,0.377,0.4098
axis_v04,svd_sde,26,48,48.5056,47.8353,32.915,0.071495,0.05504,0.052324,0.3048,8.42,0.0833,0.2083,0.25
axis_v04,svd,1,23,65.8756,69.0101,24.3868,0.072179,0.067623,0.050059,0.0954,2.0,0.0435,0.087,0.087
axis_v04,svd,6,37,41.6818,37.0239,30.4958,0.072384,0.05631,0.054715,0.3401,4.65,0.0811,0.2432,0.2703
axis_v04,svd,14,61,35.4333,22.2174,33.0982,0.064026,0.049915,0.051815,0.4661,6.46,0.1803,0.377,0.4098
axis_v04,svd,26,48,48.5056,47.8353,32.915,0.071495,0.05504,0.052324,0.3048,8.42,0.0833,0.2083,0.25
axis_v05,ransac_svd_sde,1,29,71.7504,80.6757,22.6048,0.090202,0.093565,0.067804,0.0693,2.0,0.0,0.069,0.069
axis_v05,ransac_svd_sde,6,83,43.4327,34.066,32.1415,0.105691,0.097572,0.076072,0.3475,7.11,0.0964,0.1928,0.2771
axis_v05,ransac_svd_sde,14,95,41.4988,37.6113,32.9471,0.092445,0.071217,0.073197,0.3805,13.16,0.0737,0.2842,0.3895
axis_v05,ransac_svd_sde,26,74,42.2113,30.044,32.8185,0.107108,0.091164,0.071907,0.3703,22.51,0.0811,0.2568,0.3378
axis_v05,ransac_svd,1,29,71.7504,80.6757,22.6048,0.090202,0.093565,0.067804,0.0693,2.0,0.0,0.069,0.069
axis_v05,ransac_svd,6,83,43.4327,34.066,32.1415,0.105691,0.097572,0.076072,0.3475,7.11,0.0964,0.1928,0.2771
axis_v05,ransac_svd,14,95,41.4988,37.6113,32.9471,0.092445,0.071217,0.073197,0.3805,13.16,0.0737,0.2842,0.3895
axis_v05,ransac_svd,26,74,42.2113,30.044,32.8185,0.107108,0.091164,0.071907,0.3703,22.51,0.0811,0.2568,0.3378
axis_v05,svd_sde,1,29,71.7504,80.6757,22.6048,0.090202,0.093565,0.067804,0.0693,2.0,0.0,0.069,0.069
axis_v05,svd_sde,6,83,40.3949,32.0998,30.9309,0.090681,0.084426,0.063106,0.366,7.11,0.0964,0.253,0.3373
axis_v05,svd_sde,14,95,33.4873,13.8678,32.0924,0.07355,0.060293,0.053441,0.4836,13.16,0.1368,0.4,0.5158
axis_v05,svd_sde,26,74,37.9376,23.4153,34.7764,0.07323,0.068713,0.045317,0.4496,22.51,0.1892,0.4189,0.4459
axis_v05,svd,1,29,71.7504,80.6757,22.6048,0.090202,0.093565,0.067804,0.0693,2.0,0.0,0.069,0.069
axis_v05,svd,6,83,40.3949,32.0998,30.9309,0.090681,0.084426,0.063106,0.366,7.11,0.0964,0.253,0.3373
axis_v05,svd,14,95,33.4873,13.8678,32.0924,0.07355,0.060293,0.053441,0.4836,13.16,0.1368,0.4,0.5158
axis_v05,svd,26,74,37.9376,23.4153,34.7764,0.07323,0.068713,0.045317,0.4496,22.51,0.1892,0.4189,0.4459
