experiment,method,n_views,n_objects,angular_error_mean,angular_error_median,angular_error_std,translation_error_mean,translation_error_median,translation_error_std,auc_angular,n_points_mean,precision_5deg,precision_10deg,precision_15deg,sde_mean,sde_median,sde_std,auc_sde,precision_sde_010,precision_sde_020
plane_v00,ransac_svd_sde,1,28,72.6113,86.478,28.7503,0.018843,0.007431,0.031504,0.1286,2.0,0.1071,0.1429,0.1429,0.238269,0.235685,0.105126,0.0113,0.0,0.0
plane_v00,ransac_svd_sde,6,40,44.439,40.9146,36.9116,0.028072,0.004144,0.068022,0.3928,3.25,0.325,0.375,0.375,0.258579,0.238067,0.169185,0.0663,0.0,0.025
plane_v00,ransac_svd_sde,14,63,66.8401,85.7307,31.9621,0.01688,0.005156,0.047398,0.1662,11.97,0.0952,0.127,0.1746,0.271723,0.231356,0.201118,0.0529,0.0,0.0159
plane_v00,ransac_svd_sde,26,64,67.0236,82.4171,29.5943,0.047059,0.010701,0.09647,0.1439,19.91,0.0781,0.1094,0.1094,0.232058,0.205217,0.159868,0.055,0.0,0.0156
plane_v00,ransac_svd,1,28,72.6113,86.478,28.7503,0.018843,0.007431,0.031504,0.1286,2.0,0.1071,0.1429,0.1429,0.238269,0.235685,0.105126,0.0113,0.0,0.0
plane_v00,ransac_svd,6,40,44.439,40.9146,36.9116,0.028072,0.004144,0.068022,0.3928,3.25,0.325,0.375,0.375,0.258579,0.238067,0.169185,0.0663,0.0,0.025
plane_v00,ransac_svd,14,63,66.8401,85.7307,31.9621,0.01688,0.005156,0.047398,0.1662,11.97,0.0952,0.127,0.1746,0.271723,0.231356,0.201118,0.0529,0.0,0.0159
plane_v00,ransac_svd,26,64,67.0236,82.4171,29.5943,0.047059,0.010701,0.09647,0.1439,19.91,0.0781,0.1094,0.1094,0.232058,0.205217,0.159868,0.055,0.0,0.0156
plane_v00,svd_sde,1,28,72.6113,86.478,28.7503,0.018843,0.007431,0.031504,0.1286,2.0,0.1071,0.1429,0.1429,0.238269,0.235685,0.105126,0.0113,0.0,0.0
plane_v00,svd_sde,6,40,42.9732,37.659,37.0024,0.025016,0.004464,0.066544,0.4143,3.25,0.35,0.4,0.4,0.251711,0.214854,0.168252,0.063,0.0,0.025
plane_v00,svd_sde,14,63,63.5097,83.0013,31.8129,0.015354,0.002531,0.047801,0.1803,11.97,0.0952,0.127,0.1746,0.240468,0.199594,0.169634,0.0543,0.0,0.0
plane_v00,svd_sde,26,64,65.789,84.5152,31.1855,0.040184,0.005737,0.095664,0.1652,19.91,0.0625,0.125,0.1406,0.216246,0.193362,0.128999,0.0505,0.0,0.0156
plane_v00,svd,1,28,72.6113,86.478,28.7503,0.018843,0.007431,0.031504,0.1286,2.0,0.1071,0.1429,0.1429,0.238269,0.235685,0.105126,0.0113,0.0,0.0
plane_v00,svd,6,40,42.9732,37.659,37.0024,0.025016,0.004464,0.066544,0.4143,3.25,0.35,0.4,0.4,0.251711,0.214854,0.168252,0.063,0.0,0.025
plane_v00,svd,14,63,63.5097,83.0013,31.8129,0.015354,0.002531,0.047801,0.1803,11.97,0.0952,0.127,0.1746,0.240468,0.199594,0.169634,0.0543,0.0,0.0
plane_v00,svd,26,64,65.789,84.5152,31.1855,0.040184,0.005737,0.095664,0.1652,19.91,0.0625,0.125,0.1406,0.216246,0.193362,0.128999,0.0505,0.0,0.0156
plane_v01,ransac_svd_sde,6,48,27.1269,17.1926,25.3873,0.010307,0.00534,0.014495,0.5088,2.5,0.1875,0.3542,0.4583,0.370488,0.352608,0.180205,0.006,0.0,0.0
plane_v01,ransac_svd_sde,14,60,43.9451,44.9163,32.6398,0.017091,0.005272,0.037788,0.3385,4.18,0.1167,0.2167,0.2833,0.315456,0.315528,0.194517,0.0413,0.0,0.0167
plane_v01,ransac_svd_sde,26,75,44.2629,40.4639,33.593,0.015848,0.007641,0.022036,0.3521,7.57,0.12,0.2133,0.3333,0.35196,0.355235,0.190311,0.0399,0.0,0.0
plane_v01,ransac_svd,6,48,27.1269,17.1926,25.3873,0.010307,0.00534,0.014495,0.5088,2.5,0.1875,0.3542,0.4583,0.370488,0.352608,0.180205,0.006,0.0,0.0
plane_v01,ransac_svd,14,60,43.9451,44.9163,32.6398,0.017091,0.005272,0.037788,0.3385,4.18,0.1167,0.2167,0.2833,0.315456,0.315528,0.194517,0.0413,0.0,0.0167
plane_v01,ransac_svd,26,75,44.2629,40.4639,33.593,0.015848,0.007641,0.022036,0.3521,7.57,0.12,0.2133,0.3333,0.35196,0.355235,0.190311,0.0399,0.0,0.0
plane_v01,svd_sde,6,48,27.2751,17.1926,25.4185,0.010636,0.005062,0.014769,0.5045,2.5,0.1875,0.3542,0.4583,0.37158,0.352608,0.179358,0.006,0.0,0.0
plane_v01,svd_sde,14,60,42.2437,37.5344,32.38,0.016373,0.005104,0.037666,0.3617,4.18,0.15,0.2667,0.3167,0.308503,0.308377,0.186925,0.0398,0.0,0.0
plane_v01,svd_sde,26,75,44.9,48.4025,32.3192,0.015194,0.006681,0.019771,0.3284,7.57,0.0933,0.1867,0.2933,0.332054,0.315407,0.191422,0.0444,0.0,0.0
plane_v01,svd,6,48,27.2751,17.1926,25.4185,0.010636,0.005062,0.014769,0.5045,2.5,0.1875,0.3542,0.4583,0.37158,0.352608,0.179358,0.006,0.0,0.0
plane_v01,svd,14,60,42.2437,37.5344,32.38,0.016373,0.005104,0.037666,0.3617,4.18,0.15,0.2667,0.3167,0.308503,0.308377,0.186925,0.0398,0.0,0.0
plane_v01,svd,26,75,44.9,48.4025,32.3192,0.015194,0.006681,0.019771,0.3284,7.57,0.0933,0.1867,0.2933,0.332054,0.315407,0.191422,0.0444,0.0,0.0
plane_v02,ransac_svd_sde,1,59,11.146,3.7287,17.4597,0.004605,0.001545,0.010227,0.7847,2.0,0.6949,0.7458,0.8136,0.385391,0.405139,0.228495,0.0325,0.0,0.0
plane_v02,ransac_svd_sde,6,85,55.5292,67.901,36.1272,0.015189,0.006023,0.023538,0.2803,6.73,0.2118,0.2706,0.2824,0.269524,0.208774,0.192573,0.0627,0.0,0.0118
plane_v02,ransac_svd_sde,14,93,73.5488,87.924,27.6519,0.015498,0.006427,0.024916,0.1132,16.92,0.0753,0.086,0.1075,0.256546,0.192873,0.211519,0.0803,0.0,0.0215
plane_v02,ransac_svd_sde,26,90,73.3528,87.5227,27.709,0.024546,0.008313,0.044694,0.1125,30.24,0.0667,0.0889,0.1111,0.201766,0.145159,0.159657,0.1037,0.0,0.0111
plane_v02,ransac_svd,1,59,11.146,3.7287,17.4597,0.004605,0.001545,0.010227,0.7847,2.0,0.6949,0.7458,0.8136,0.385391,0.405139,0.228495,0.0325,0.0,0.0
plane_v02,ransac_svd,6,85,55.5292,67.901,36.1272,0.015189,0.006023,0.023538,0.2803,6.73,0.2118,0.2706,0.2824,0.269524,0.208774,0.192573,0.0627,0.0,0.0118
plane_v02,ransac_svd,14,93,73.5488,87.924,27.6519,0.015498,0.006427,0.024916,0.1132,16.92,0.0753,0.086,0.1075,0.256546,0.192873,0.211519,0.0803,0.0,0.0215
plane_v02,ransac_svd,26,90,73.3528,87.5227,27.709,0.024546,0.008313,0.044694,0.1125,30.24,0.0667,0.0889,0.1111,0.201766,0.145159,0.159657,0.1037,0.0,0.0111
plane_v02,svd_sde,1,59,11.146,3.7287,17.4597,0.004605,0.001545,0.010227,0.7847,2.0,0.6949,0.7458,0.8136,0.385391,0.405139,0.228495,0.0325,0.0,0.0
plane_v02,svd_sde,6,85,53.1271,68.4046,36.5756,0.008532,0.004414,0.0141,0.3084,6.73,0.2235,0.2824,0.3059,0.272939,0.200903,0.202783,0.0665,0.0,0.0118
plane_v02,svd_sde,14,93,70.4889,86.1558,29.4858,0.009781,0.003908,0.016458,0.1362,16.92,0.0968,0.1075,0.129,0.224361,0.175329,0.183834,0.0751,0.0,0.0108
plane_v02,svd_sde,26,90,72.3689,86.6803,28.1039,0.009191,0.003758,0.015074,0.1189,30.24,0.0556,0.0889,0.1111,0.199155,0.145862,0.14362,0.0753,0.0,0.0111
plane_v02,svd,1,59,11.146,3.7287,17.4597,0.004605,0.001545,0.010227,0.7847,2.0,0.6949,0.7458,0.8136,0.385391,0.405139,0.228495,0.0325,0.0,0.0
plane_v02,svd,6,85,53.1271,68.4046,36.5756,0.008532,0.004414,0.0141,0.3084,6.73,0.2235,0.2824,0.3059,0.272939,0.200903,0.202783,0.0665,0.0,0.0118
plane_v02,svd,14,93,70.4889,86.1558,29.4858,0.009781,0.003908,0.016458,0.1362,16.92,0.0968,0.1075,0.129,0.224361,0.175329,0.183834,0.0751,0.0,0.0108
plane_v02,svd,26,90,72.3689,86.6803,28.1039,0.009191,0.003758,0.015074,0.1189,30.24,0.0556,0.0889,0.1111,0.199155,0.145862,0.14362,0.0753,0.0,0.0111
plane_v03,ransac_svd_sde,6,49,35.5904,23.5922,27.8353,0.014291,0.005019,0.026787,0.4096,2.55,0.0816,0.1837,0.3469,0.312786,0.306901,0.147604,0.0051,0.0,0.0
plane_v03,ransac_svd_sde,14,60,38.4192,27.6842,29.1874,0.015915,0.009364,0.019212,0.3753,4.37,0.0667,0.1833,0.2833,0.328981,0.314019,0.174588,0.0078,0.0,0.0
plane_v03,ransac_svd_sde,26,78,45.5702,40.7297,30.5498,0.024078,0.010907,0.036076,0.299,7.67,0.0769,0.1667,0.2308,0.331254,0.308532,0.192087,0.0433,0.0,0.0
plane_v03,ransac_svd,6,49,35.5904,23.5922,27.8353,0.014291,0.005019,0.026787,0.4096,2.55,0.0816,0.1837,0.3469,0.312786,0.306901,0.147604,0.0051,0.0,0.0
plane_v03,ransac_svd,14,60,38.4192,27.6842,29.1874,0.015915,0.009364,0.019212,0.3753,4.37,0.0667,0.1833,0.2833,0.328981,0.314019,0.174588,0.0078,0.0,0.0
plane_v03,ransac_svd,26,78,45.5702,40.7297,30.5498,0.024078,0.010907,0.036076,0.299,7.67,0.0769,0.1667,0.2308,0.331254,0.308532,0.192087,0.0433,0.0,0.0
plane_v03,svd_sde,6,49,35.1601,23.3906,27.8976,0.0141,0.005019,0.026737,0.4161,2.55,0.0816,0.1837,0.3469,0.307342,0.295525,0.144177,0.0051,0.0,0.0
plane_v03,svd_sde,14,60,36.2223,26.4841,29.2692,0.015675,0.009073,0.019649,0.4112,4.37,0.1,0.25,0.35,0.333512,0.280694,0.178829,0.0054,0.0,0.0
plane_v03,svd_sde,26,78,48.5961,51.6307,31.3234,0.023416,0.008495,0.036931,0.2771,7.67,0.0769,0.1667,0.2308,0.32536,0.300199,0.189359,0.041,0.0,0.0
plane_v03,svd,6,49,35.1601,23.3906,27.8976,0.0141,0.005019,0.026737,0.4161,2.55,0.0816,0.1837,0.3469,0.307342,0.295525,0.144177,0.0051,0.0,0.0
plane_v03,svd,14,60,36.2223,26.4841,29.2692,0.015675,0.009073,0.019649,0.4112,4.37,0.1,0.25,0.35,0.333512,0.280694,0.178829,0.0054,0.0,0.0
plane_v03,svd,26,78,48.5961,51.6307,31.3234,0.023416,0.008495,0.036931,0.2771,7.67,0.0769,0.1667,0.2308,0.32536,0.300199,0.189359,0.041,0.0,0.0
plane_v04,ransac_svd_sde,1,58,11.7647,3.8382,21.0085,0.003683,0.001668,0.004877,0.7978,2.0,0.7586,0.8276,0.8448,0.393533,0.418362,0.242422,0.0359,0.0,0.0172
plane_v04,ransac_svd_sde,6,81,43.3616,38.723,36.4862,0.018623,0.006667,0.029807,0.4015,5.04,0.284,0.3704,0.4074,0.289454,0.226871,0.202169,0.0433,0.0,0.0123
plane_v04,ransac_svd_sde,14,90,72.2411,86.7614,28.3416,0.018176,0.009564,0.022799,0.1192,14.49,0.0778,0.1,0.1111,0.246099,0.186878,0.185389,0.0601,0.0,0.0111
plane_v04,ransac_svd_sde,26,91,73.1887,87.4453,28.7026,0.020745,0.005724,0.046313,0.1247,33.71,0.0769,0.1099,0.1319,0.198135,0.146712,0.146773,0.0826,0.0,0.0
plane_v04,ransac_svd,1,58,11.7647,3.8382,21.0085,0.003683,0.001668,0.004877,0.7978,2.0,0.7586,0.8276,0.8448,0.393533,0.418362,0.242422,0.0359,0.0,0.0172
plane_v04,ransac_svd,6,81,43.3616,38.723,36.4862,0.018623,0.006667,0.029807,0.4015,5.04,0.284,0.3704,0.4074,0.289454,0.226871,0.202169,0.0433,0.0,0.0123
plane_v04,ransac_svd,14,90,72.2411,86.7614,28.3416,0.018176,0.009564,0.022799,0.1192,14.49,0.0778,0.1,0.1111,0.246099,0.186878,0.185389,0.0601,0.0,0.0111
plane_v04,ransac_svd,26,91,73.1887,87.4453,28.7026,0.020745,0.005724,0.046313,0.1247,33.71,0.0769,0.1099,0.1319,0.198135,0.146712,0.146773,0.0826,0.0,0.0
plane_v04,svd_sde,1,58,11.7647,3.8382,21.0085,0.003683,0.001668,0.004877,0.7978,2.0,0.7586,0.8276,0.8448,0.393533,0.418362,0.242422,0.0359,0.0,0.0172
plane_v04,svd_sde,6,81,45.1972,52.6326,36.6779,0.011872,0.004976,0.01997,0.388,5.04,0.2593,0.3704,0.3827,0.275646,0.211496,0.198924,0.0564,0.0,0.0123
plane_v04,svd_sde,14,90,69.043,85.4147,31.1279,0.008578,0.004743,0.01107,0.1587,14.49,0.1,0.1333,0.1556,0.212987,0.150441,0.164399,0.0676,0.0,0.0111
plane_v04,svd_sde,26,91,72.7594,87.1144,28.2685,0.012374,0.004417,0.029826,0.1188,33.71,0.0659,0.0989,0.0989,0.190989,0.15234,0.128437,0.0738,0.0,0.0
plane_v04,svd,1,58,11.7647,3.8382,21.0085,0.003683,0.001668,0.004877,0.7978,2.0,0.7586,0.8276,0.8448,0.393533,0.418362,0.242422,0.0359,0.0,0.0172
plane_v04,svd,6,81,45.1972,52.6326,36.6779,0.011872,0.004976,0.01997,0.388,5.04,0.2593,0.3704,0.3827,0.275646,0.211496,0.198924,0.0564,0.0,0.0123
plane_v04,svd,14,90,69.043,85.4147,31.1279,0.008578,0.004743,0.01107,0.1587,14.49,0.1,0.1333,0.1556,0.212987,0.150441,0.164399,0.0676,0.0,0.0111
plane_v04,svd,26,91,72.7594,87.1144,28.2685,0.012374,0.004417,0.029826,0.1188,33.71,0.0659,0.0989,0.0989,0.190989,0.15234,0.128437,0.0738,0.0,0.0
plane_v05,ransac_svd_sde,1,27,61.767,85.5691,36.7616,0.028885,0.005763,0.049436,0.2619,2.0,0.1852,0.2963,0.2963,0.209617,0.185008,0.112484,0.0263,0.0,0.0
plane_v05,ransac_svd_sde,6,39,72.12,86.1274,29.6614,0.01529,0.007836,0.023473,0.1371,3.08,0.1026,0.1282,0.1538,0.323431,0.304128,0.184165,0.0479,0.0,0.0256
plane_v05,ransac_svd_sde,14,43,73.2318,86.803,29.0846,0.01717,0.008607,0.021168,0.1292,4.0,0.0698,0.1395,0.1395,0.320135,0.278689,0.239228,0.0572,0.0,0.0233
plane_v05,ransac_svd_sde,26,56,75.2012,86.749,26.5957,0.034697,0.018963,0.039538,0.1042,5.57,0.0714,0.0893,0.1071,0.317352,0.264911,0.244703,0.015,0.0,0.0
plane_v05,ransac_svd,1,27,61.767,85.5691,36.7616,0.028885,0.005763,0.049436,0.2619,2.0,0.1852,0.2963,0.2963,0.209617,0.185008,0.112484,0.0263,0.0,0.0
plane_v05,ransac_svd,6,39,72.12,86.1274,29.6614,0.01529,0.007836,0.023473,0.1371,3.08,0.1026,0.1282,0.1538,0.323431,0.304128,0.184165,0.0479,0.0,0.0256
plane_v05,ransac_svd,14,43,73.2318,86.803,29.0846,0.01717,0.008607,0.021168,0.1292,4.0,0.0698,0.1395,0.1395,0.320135,0.278689,0.239228,0.0572,0.0,0.0233
plane_v05,ransac_svd,26,56,75.2012,86.749,26.5957,0.034697,0.018963,0.039538,0.1042,5.57,0.0714,0.0893,0.1071,0.317352,0.264911,0.244703,0.015,0.0,0.0
plane_v05,svd_sde,1,27,61.767,85.5691,36.7616,0.028885,0.005763,0.049436,0.2619,2.0,0.1852,0.2963,0.2963,0.209617,0.185008,0.112484,0.0263,0.0,0.0
plane_v05,svd_sde,6,39,72.4647,86.3634,29.827,0.012612,0.004714,0.022379,0.1378,3.08,0.1026,0.1282,0.1538,0.321527,0.304128,0.181878,0.0486,0.0,0.0256
plane_v05,svd_sde,14,43,73.0947,86.6163,29.0137,0.012855,0.007938,0.017407,0.1292,4.0,0.0698,0.1395,0.1395,0.312198,0.278689,0.225401,0.0452,0.0,0.0233
plane_v05,svd_sde,26,56,73.8418,86.6015,26.6622,0.020799,0.009976,0.029014,0.105,5.57,0.0714,0.0893,0.1071,0.265504,0.230968,0.189505,0.013,0.0,0.0
plane_v05,svd,1,27,61.767,85.5691,36.7616,0.028885,0.005763,0.049436,0.2619,2.0,0.1852,0.2963,0.2963,0.209617,0.185008,0.112484,0.0263,0.0,0.0
plane_v05,svd,6,39,72.4647,86.3634,29.827,0.012612,0.004714,0.022379,0.1378,3.08,0.1026,0.1282,0.1538,0.321527,0.304128,0.181878,0.0486,0.0,0.0256
plane_v05,svd,14,43,73.0947,86.6163,29.0137,0.012855,0.007938,0.017407,0.1292,4.0,0.0698,0.1395,0.1395,0.312198,0.278689,0.225401,0.0452,0.0,0.0233
plane_v05,svd,26,56,73.8418,86.6015,26.6622,0.020799,0.009976,0.029014,0.105,5.57,0.0714,0.0893,0.1071,0.265504,0.230968,0.189505,0.013,0.0,0.0
