object_id,tipo_simetria,carpeta_imagenes,n_imagenes_encontradas,empate,recomendado_auto,candidato_1_synset,candidato_1_nombre,candidato_1_n_total,candidato_1_n_mismo_tipo,candidato_2_synset,candidato_2_nombre,candidato_2_n_total,candidato_2_n_mismo_tipo,categoria_definitiva
34875f8448f98813a2c59a4d90e63212,axial,revision_ambiguos/34875f8448f98813a2c59a4d90e63212,3,no,bowl,2880940,bowl,110,110,3991062,pot,86,84,bowl
3e2dd918360309554b3c42e318f3affc,axial,revision_ambiguos/3e2dd918360309554b3c42e318f3affc,3,no,pot,3991062,pot,86,84,3593526,jar,0,0,pot
3f7d866f4e28e8014b3c42e318f3affc,axial,revision_ambiguos/3f7d866f4e28e8014b3c42e318f3affc,3,no,pot,3991062,pot,86,84,3593526,jar,0,0,pot
488139f06d9905d830ffab76baff35a5,axial,revision_ambiguos/488139f06d9905d830ffab76baff35a5,3,no,bottle,2876657,bottle,251,251,3593526,jar,0,0,bottle
4996f1c0120f4c62ab361b6be63163da,axial,revision_ambiguos/4996f1c0120f4c62ab361b6be63163da,3,no,pot,3991062,pot,86,84,3593526,jar,0,0,pot
5563324c9902f243a2c59a4d90e63212,axial,revision_ambiguos/5563324c9902f243a2c59a4d90e63212,3,no,bowl,2880940,bowl,110,110,3991062,pot,86,84,bowl
57b186ba25a680584289430f919c490c,axial,revision_ambiguos/57b186ba25a680584289430f919c490c,3,no,bottle,2876657,bottle,251,251,3593526,jar,0,0,bottle
5e914dd726313181b1b4b514128408b0,axial,revision_ambiguos/5e914dd726313181b1b4b514128408b0,3,no,pot,3991062,pot,86,84,3593526,jar,0,0,jar
6bb307429e516e2f129f1cb6c6fa9dd5,axial,revision_ambiguos/6bb307429e516e2f129f1cb6c6fa9dd5,3,no,pot,3991062,pot,86,84,3593526,jar,0,0,jar
6d21c75bbe308322513c73fd461b230a,axial,revision_ambiguos/6d21c75bbe308322513c73fd461b230a,3,no,ashcan,2747177,ashcan,23,23,2801938,basket,6,0,ashcan
6d652a95363bb682b692b490d9871ff1,axial,revision_ambiguos/6d652a95363bb682b692b490d9871ff1,3,no,bottle,2876657,bottle,251,251,3593526,jar,0,0,bottle
701ea218827f9a7a733657da4b6687f4,axial,revision_ambiguos/701ea218827f9a7a733657da4b6687f4,3,no,bottle,2876657,bottle,251,251,3593526,jar,0,0,bottle
7b407dedd933e3812f59b845f0db2ab3,axial,revision_ambiguos/7b407dedd933e3812f59b845f0db2ab3,3,no,ashcan,2747177,ashcan,23,23,2801938,basket,6,0,ashcan
7c1303d3a19a1cef51f77a6d7299806,axial,revision_ambiguos/7c1303d3a19a1cef51f77a6d7299806,3,no,pot,3991062,pot,86,84,3593526,jar,0,0,pot
7ed1eb89d5463580a2c59a4d90e63212,axial,revision_ambiguos/7ed1eb89d5463580a2c59a4d90e63212,3,no,bowl,2880940,bowl,110,110,3991062,pot,86,84,bowl
80608e58db79d4d83b722c86abee0751,axial,revision_ambiguos/80608e58db79d4d83b722c86abee0751,3,no,bowl,2880940,bowl,110,110,3991062,pot,86,84,bowl
819795e285ea031625ebd1cd0b422e32,axial,revision_ambiguos/819795e285ea031625ebd1cd0b422e32,3,no,pot,3991062,pot,86,84,2747177,ashcan,23,23,pot
9e2a1751b9129b1132fd0b3f17b0d6c,axial,revision_ambiguos/9e2a1751b9129b1132fd0b3f17b0d6c,3,no,ashcan,2747177,ashcan,23,23,2801938,basket,6,0,ashcan
9ea66797afeb86196ea1c514a0de6d2d,axial,revision_ambiguos/9ea66797afeb86196ea1c514a0de6d2d,3,no,bowl,2880940,bowl,110,110,3991062,pot,86,84,bowl
9fe7e6a7bf8ca964efad53eb3f0b36fa,axial,revision_ambiguos/9fe7e6a7bf8ca964efad53eb3f0b36fa,3,no,bottle,2876657,bottle,251,251,3593526,jar,0,0,jar
a042621b3378bc18a2c59a4d90e63212,axial,revision_ambiguos/a042621b3378bc18a2c59a4d90e63212,3,no,bowl,2880940,bowl,110,110,3991062,pot,86,84,bowl
a2841256fc6fd90da518b93bb7233de6,axial,revision_ambiguos/a2841256fc6fd90da518b93bb7233de6,3,no,bowl,2880940,bowl,110,110,3991062,pot,86,84,bowl
a5db4bacbe009f2ef51f77a6d7299806,axial,revision_ambiguos/a5db4bacbe009f2ef51f77a6d7299806,3,no,pot,3991062,pot,86,84,3593526,jar,0,0,jar
a95db9f4cb692657a09c6a60c6dc420,axial,revision_ambiguos/a95db9f4cb692657a09c6a60c6dc420,3,no,bottle,2876657,bottle,251,251,3593526,jar,0,0,jar
acfe521c412fcd04564c0afd61663476,axial,revision_ambiguos/acfe521c412fcd04564c0afd61663476,3,no,ashcan,2747177,ashcan,23,23,2801938,basket,6,0,ashcan
aeec00d8dd6e196451a2ad3de1977657,axial,revision_ambiguos/aeec00d8dd6e196451a2ad3de1977657,3,no,bowl,2880940,bowl,110,110,3991062,pot,86,84,bowl
b1271f402910cf05cfdfe3f21f42a111,axial,revision_ambiguos/b1271f402910cf05cfdfe3f21f42a111,3,no,bottle,2876657,bottle,251,251,3593526,jar,0,0,bottle
b2507913d631e8b8bcfad79fc308fa6d,axial,revision_ambiguos/b2507913d631e8b8bcfad79fc308fa6d,3,no,bottle,2876657,bottle,251,251,3593526,jar,0,0,jar
b2e03341b4648a3d63b2acb037dfbcde,axial,revision_ambiguos/b2e03341b4648a3d63b2acb037dfbcde,3,no,pot,3991062,pot,86,84,2747177,ashcan,23,23,pot
b362273df5596c7e7f095f36ba0999f4,axial,revision_ambiguos/b362273df5596c7e7f095f36ba0999f4,3,no,bottle,2876657,bottle,251,251,3593526,jar,0,0,jar
bb46957091f2a282cfdfe3f21f42a111,axial,revision_ambiguos/bb46957091f2a282cfdfe3f21f42a111,3,no,bottle,2876657,bottle,251,251,3593526,jar,0,0,bottle
bcacdde81063a5df30612f5c0ef21eb8,axial,revision_ambiguos/bcacdde81063a5df30612f5c0ef21eb8,3,no,bottle,2876657,bottle,251,251,3593526,jar,0,0,bottle
be3c2533130dd3da55f46d55537192b6,axial,revision_ambiguos/be3c2533130dd3da55f46d55537192b6,3,no,bowl,2880940,bowl,110,110,2801938,basket,6,0,bowl
c4ac6a5f651d12c6c6b4aaa0b0f9d794,axial,revision_ambiguos/c4ac6a5f651d12c6c6b4aaa0b0f9d794,3,no,pot,3991062,pot,86,84,3593526,jar,0,0,jar
d3b53f56b4a7b3b3c9f016d57db96408,axial,revision_ambiguos/d3b53f56b4a7b3b3c9f016d57db96408,3,no,bottle,2876657,bottle,251,251,3593526,jar,0,0,bottle
d56098d4d83f5976a2c59a4d90e63212,axial,revision_ambiguos/d56098d4d83f5976a2c59a4d90e63212,3,no,pot,3991062,pot,86,84,3593526,jar,0,0,jar
da5f13f4048dbd72fcb8d8c6d4df8143,axial,revision_ambiguos/da5f13f4048dbd72fcb8d8c6d4df8143,3,no,lamp,3636649,lamp,344,341,2880940,bowl,110,110,lamp
e4c871d1d5e3c49844b2fa2cac0778f5,axial,revision_ambiguos/e4c871d1d5e3c49844b2fa2cac0778f5,3,no,bowl,2880940,bowl,110,110,3593526,jar,0,0,bowl
ea473a79fd2c98e5789eafad9d8a9394,axial,revision_ambiguos/ea473a79fd2c98e5789eafad9d8a9394,3,no,bowl,2880940,bowl,110,110,3991062,pot,86,84,bowl
ed220bdfa852f00ba2c59a4d90e63212,axial,revision_ambiguos/ed220bdfa852f00ba2c59a4d90e63212,3,no,bowl,2880940,bowl,110,110,3991062,pot,86,84,bowl
fa9e6aa9d67d5329e5c3c7284848bbfe,axial,revision_ambiguos/fa9e6aa9d67d5329e5c3c7284848bbfe,3,no,pot,3991062,pot,86,84,3593526,jar,0,0,jar
18f57a3d41117140ed98cca8f0ccd5f7,planar,revision_ambiguos/18f57a3d41117140ed98cca8f0ccd5f7,3,no,bench,2828884,bench,204,204,3001627,chair,28,28,bench
280553e975d6b79fd2b12aa6a0f050b3,planar,revision_ambiguos/280553e975d6b79fd2b12aa6a0f050b3,3,no,bench,2828884,bench,204,204,3001627,chair,28,28,bench
359b6d3d29b08dfe19fb4103277a6b93,planar,revision_ambiguos/359b6d3d29b08dfe19fb4103277a6b93,3,no,chair,3001627,chair,28,28,4256520,sofa,0,0,chair
4d033564f0dcb412afac285245c66df0,planar,revision_ambiguos/4d033564f0dcb412afac285245c66df0,3,no,loudspeaker,3691459,loudspeaker,46,46,3211117,display,9,9,loudspeaker
641234f284243decea95e61f66327e28,planar,revision_ambiguos/641234f284243decea95e61f66327e28,3,si,,2992529,cellular telephone,0,0,4401088,telephone,0,0,cellular telephone
67baf038e83456967f521a3dcd28e9d2,planar,revision_ambiguos/67baf038e83456967f521a3dcd28e9d2,3,si,,2992529,cellular telephone,0,0,4401088,telephone,0,0,cellular telephone
74983e99e7606eb114708467db3d00e2,planar,revision_ambiguos/74983e99e7606eb114708467db3d00e2,3,no,bench,2828884,bench,204,204,4379243,table,34,34,bench
758b9da6bf573838d214322c26aa0cfd,planar,revision_ambiguos/758b9da6bf573838d214322c26aa0cfd,3,si,,2992529,cellular telephone,0,0,4401088,telephone,0,0,cellular telephone
7af2a3d126ac5e44fdda95e9849ffbd2,planar,revision_ambiguos/7af2a3d126ac5e44fdda95e9849ffbd2,3,si,,2992529,cellular telephone,0,0,4401088,telephone,0,0,cellular telephone
7f756e697cd03ac821844676433a0aca,planar,revision_ambiguos/7f756e697cd03ac821844676433a0aca,3,si,,2992529,cellular telephone,0,0,4401088,telephone,0,0,cellular telephone
868d86e47bcf7c9d1dd03d3141d85a03,planar,revision_ambiguos/868d86e47bcf7c9d1dd03d3141d85a03,3,no,bench,2828884,bench,204,204,4379243,table,34,34,bench
8873af9392bc7506f1cb19f636b1c2bd,planar,revision_ambiguos/8873af9392bc7506f1cb19f636b1c2bd,3,si,,2992529,cellular telephone,0,0,4401088,telephone,0,0,cellular telephone
a860adc078391edc6774046e1fe3165b,planar,revision_ambiguos/a860adc078391edc6774046e1fe3165b,3,si,,2992529,cellular telephone,0,0,4401088,telephone,0,0,cellular telephone
aa858f23b682f5616314c3b6a3a65519,planar,revision_ambiguos/aa858f23b682f5616314c3b6a3a65519,3,no,rifle,4090263,rifle,7,7,3948459,pistol,4,4,pistol
ac2ea2d41c57d1075999f9ba82d15928,planar,revision_ambiguos/ac2ea2d41c57d1075999f9ba82d15928,3,no,display,3211117,display,9,9,4004475,printer,2,2,printer
afa806973174e442ac4f72bf08dc79a6,planar,revision_ambiguos/afa806973174e442ac4f72bf08dc79a6,3,si,,2992529,cellular telephone,0,0,4401088,telephone,0,0,cellular telephone
b8a2c7c7df404ab8e7ef9fff09638f8e,planar,revision_ambiguos/b8a2c7c7df404ab8e7ef9fff09638f8e,3,si,,2992529,cellular telephone,0,0,4401088,telephone,0,0,cellular telephone
c1077972752aac54e8deab000196f61d,planar,revision_ambiguos/c1077972752aac54e8deab000196f61d,3,si,,2992529,cellular telephone,0,0,4401088,telephone,0,0,cellular telephone
c1b8d982d97e337f19fb4103277a6b93,planar,revision_ambiguos/c1b8d982d97e337f19fb4103277a6b93,3,no,bench,2828884,bench,204,204,4256520,sofa,0,0,bench
c3a90bcecce7f4817b6fd5468f603b31,planar,revision_ambiguos/c3a90bcecce7f4817b6fd5468f603b31,3,si,,2992529,cellular telephone,0,0,4401088,telephone,0,0,cellular telephone
c7fef6ae7f7f91814a0be3d856af9ad,planar,revision_ambiguos/c7fef6ae7f7f91814a0be3d856af9ad,3,si,,2992529,cellular telephone,0,0,4401088,telephone,0,0,cellular telephone
d7ed512f7a7daf63772afc88105fa679,planar,revision_ambiguos/d7ed512f7a7daf63772afc88105fa679,3,si,,2992529,cellular telephone,0,0,4401088,telephone,0,0,cellular telephone
decbc541efe459a742f1242fa6dff2cf,planar,revision_ambiguos/decbc541efe459a742f1242fa6dff2cf,3,si,,2992529,cellular telephone,0,0,4401088,telephone,0,0,cellular telephone
e70ce62b41a598dba48aee3bc134fbf8,planar,revision_ambiguos/e70ce62b41a598dba48aee3bc134fbf8,3,si,,2992529,cellular telephone,0,0,4401088,telephone,0,0,cellular telephone