object_id,tipo_simetria,candidatos
34875f8448f98813a2c59a4d90e63212,axial,"02880940,03991062"
3e2dd918360309554b3c42e318f3affc,axial,"03593526,03991062"
3f7d866f4e28e8014b3c42e318f3affc,axial,"03593526,03991062"
488139f06d9905d830ffab76baff35a5,axial,"02876657,03593526"
4996f1c0120f4c62ab361b6be63163da,axial,"03593526,03991062"
5563324c9902f243a2c59a4d90e63212,axial,"02880940,03991062"
57b186ba25a680584289430f919c490c,axial,"02876657,03593526"
5e914dd726313181b1b4b514128408b0,axial,"03593526,03991062"
6bb307429e516e2f129f1cb6c6fa9dd5,axial,"03593526,03991062"
6d21c75bbe308322513c73fd461b230a,axial,"02747177,02801938"
6d652a95363bb682b692b490d9871ff1,axial,"02876657,03593526"
701ea218827f9a7a733657da4b6687f4,axial,"02876657,03593526"
7b407dedd933e3812f59b845f0db2ab3,axial,"02747177,02801938"
7c1303d3a19a1cef51f77a6d7299806,axial,"03593526,03991062"
7ed1eb89d5463580a2c59a4d90e63212,axial,"02880940,03991062"
80608e58db79d4d83b722c86abee0751,axial,"02880940,03991062"
819795e285ea031625ebd1cd0b422e32,axial,"02747177,03991062"
9e2a1751b9129b1132fd0b3f17b0d6c,axial,"02747177,02801938"
9ea66797afeb86196ea1c514a0de6d2d,axial,"02880940,03991062"
9fe7e6a7bf8ca964efad53eb3f0b36fa,axial,"02876657,03593526"
a042621b3378bc18a2c59a4d90e63212,axial,"02880940,03991062"
a2841256fc6fd90da518b93bb7233de6,axial,"02880940,03991062"
a5db4bacbe009f2ef51f77a6d7299806,axial,"03593526,03991062"
a95db9f4cb692657a09c6a60c6dc420,axial,"02876657,03593526"
acfe521c412fcd04564c0afd61663476,axial,"02747177,02801938"
aeec00d8dd6e196451a2ad3de1977657,axial,"02880940,03991062"
b1271f402910cf05cfdfe3f21f42a111,axial,"02876657,03593526"
b2507913d631e8b8bcfad79fc308fa6d,axial,"02876657,03593526"
b2e03341b4648a3d63b2acb037dfbcde,axial,"02747177,03991062"
b362273df5596c7e7f095f36ba0999f4,axial,"02876657,03593526"
bb46957091f2a282cfdfe3f21f42a111,axial,"02876657,03593526"
bcacdde81063a5df30612f5c0ef21eb8,axial,"02876657,03593526"
be3c2533130dd3da55f46d55537192b6,axial,"02801938,02880940"
c4ac6a5f651d12c6c6b4aaa0b0f9d794,axial,"03593526,03991062"
d3b53f56b4a7b3b3c9f016d57db96408,axial,"02876657,03593526"
d56098d4d83f5976a2c59a4d90e63212,axial,"03593526,03991062"
da5f13f4048dbd72fcb8d8c6d4df8143,axial,"02880940,03636649"
e4c871d1d5e3c49844b2fa2cac0778f5,axial,"02880940,03593526"
ea473a79fd2c98e5789eafad9d8a9394,axial,"02880940,03991062"
ed220bdfa852f00ba2c59a4d90e63212,axial,"02880940,03991062"
fa9e6aa9d67d5329e5c3c7284848bbfe,axial,"03593526,03991062"
18f57a3d41117140ed98cca8f0ccd5f7,planar,"02828884,03001627"
280553e975d6b79fd2b12aa6a0f050b3,planar,"02828884,03001627"
359b6d3d29b08dfe19fb4103277a6b93,planar,"03001627,04256520"
4d033564f0dcb412afac285245c66df0,planar,"03211117,03691459"
641234f284243decea95e61f66327e28,planar,"02992529,04401088"
67baf038e83456967f521a3dcd28e9d2,planar,"02992529,04401088"
74983e99e7606eb114708467db3d00e2,planar,"02828884,04379243"
758b9da6bf573838d214322c26aa0cfd,planar,"02992529,04401088"
7af2a3d126ac5e44fdda95e9849ffbd2,planar,"02992529,04401088"
7f756e697cd03ac821844676433a0aca,planar,"02992529,04401088"
868d86e47bcf7c9d1dd03d3141d85a03,planar,"02828884,04379243"
8873af9392bc7506f1cb19f636b1c2bd,planar,"02992529,04401088"
a860adc078391edc6774046e1fe3165b,planar,"02992529,04401088"
aa858f23b682f5616314c3b6a3a65519,planar,"03948459,04090263"
ac2ea2d41c57d1075999f9ba82d15928,planar,"03211117,04004475"
afa806973174e442ac4f72bf08dc79a6,planar,"02992529,04401088"
b8a2c7c7df404ab8e7ef9fff09638f8e,planar,"02992529,04401088"
c1077972752aac54e8deab000196f61d,planar,"02992529,04401088"
c1b8d982d97e337f19fb4103277a6b93,planar,"02828884,04256520"
c3a90bcecce7f4817b6fd5468f603b31,planar,"02992529,04401088"
c7fef6ae7f7f91814a0be3d856af9ad,planar,"02992529,04401088"
d7ed512f7a7daf63772afc88105fa679,planar,"02992529,04401088"
decbc541efe459a742f1242fa6dff2cf,planar,"02992529,04401088"
e70ce62b41a598dba48aee3bc134fbf8,planar,"02992529,04401088"
