n_v,tipo_simetria,n_buenas,etiqueta,n_objetos,pct_objetos
1,axial,0,0/1,551,64.82
1,axial,1,1/1,299,35.18
1,planar,0,0/1,7,0.82
1,planar,1,1/1,843,99.18
6,axial,0,0/6,76,8.94
6,axial,1,1/6,224,26.35
6,axial,2,2/6,253,29.76
6,axial,3,3/6,222,26.12
6,axial,4,4/6,75,8.82
6,axial,5,5/6,0,0.0
6,axial,6,6/6,0,0.0
6,planar,0,0/6,0,0.0
6,planar,1,1/6,0,0.0
6,planar,2,2/6,7,0.82
6,planar,3,3/6,690,81.18
6,planar,4,4/6,147,17.29
6,planar,5,5/6,6,0.71
6,planar,6,6/6,0,0.0
14,axial,0,0/14,7,0.82
14,axial,1,1/14,29,3.41
14,axial,2,2/14,79,9.29
14,axial,3,3/14,55,6.47
14,axial,4,4/14,195,22.94
14,axial,5,5/14,131,15.41
14,axial,6,6/14,187,22.0
14,axial,7,7/14,138,16.24
14,axial,8,8/14,29,3.41
14,axial,9,9/14,0,0.0
14,axial,10,10/14,0,0.0
14,axial,11,11/14,0,0.0
14,axial,12,12/14,0,0.0
14,axial,13,13/14,0,0.0
14,axial,14,14/14,0,0.0
14,planar,0,0/14,0,0.0
14,planar,1,1/14,0,0.0
14,planar,2,2/14,0,0.0
14,planar,3,3/14,0,0.0
14,planar,4,4/14,50,5.88
14,planar,5,5/14,2,0.24
14,planar,6,6/14,3,0.35
14,planar,7,7/14,626,73.65
14,planar,8,8/14,23,2.71
14,planar,9,9/14,136,16.0
14,planar,10,10/14,5,0.59
14,planar,11,11/14,5,0.59
14,planar,12,12/14,0,0.0
14,planar,13,13/14,0,0.0
14,planar,14,14/14,0,0.0
26,axial,0,0/26,0,0.0
26,axial,1,1/26,0,0.0
26,axial,2,2/26,0,0.0
26,axial,3,3/26,0,0.0
26,axial,4,4/26,13,1.53
26,axial,5,5/26,43,5.06
26,axial,6,6/26,48,5.65
26,axial,7,7/26,136,16.0
26,axial,8,8/26,153,18.0
26,axial,9,9/26,139,16.35
26,axial,10,10/26,114,13.41
26,axial,11,11/26,84,9.88
26,axial,12,12/26,84,9.88
26,axial,13,13/26,31,3.65
26,axial,14,14/26,5,0.59
26,axial,15,15/26,0,0.0
26,axial,16,16/26,0,0.0
26,axial,17,17/26,0,0.0
26,axial,18,18/26,0,0.0
26,axial,19,19/26,0,0.0
26,axial,20,20/26,0,0.0
26,axial,21,21/26,0,0.0
26,axial,22,22/26,0,0.0
26,axial,23,23/26,0,0.0
26,axial,24,24/26,0,0.0
26,axial,25,25/26,0,0.0
26,axial,26,26/26,0,0.0
26,planar,0,0/26,0,0.0
26,planar,1,1/26,0,0.0
26,planar,2,2/26,0,0.0
26,planar,3,3/26,0,0.0
26,planar,4,4/26,0,0.0
26,planar,5,5/26,0,0.0
26,planar,6,6/26,0,0.0
26,planar,7,7/26,2,0.24
26,planar,8,8/26,50,5.88
26,planar,9,9/26,2,0.24
26,planar,10,10/26,615,72.35
26,planar,11,11/26,33,3.88
26,planar,12,12/26,0,0.0
26,planar,13,13/26,2,0.24
26,planar,14,14/26,1,0.12
26,planar,15,15/26,3,0.35
26,planar,16,16/26,137,16.12
26,planar,17,17/26,0,0.0
26,planar,18,18/26,1,0.12
26,planar,19,19/26,0,0.0
26,planar,20,20/26,1,0.12
26,planar,21,21/26,3,0.35
26,planar,22,22/26,0,0.0
26,planar,23,23/26,0,0.0
26,planar,24,24/26,0,0.0
26,planar,25,25/26,0,0.0
26,planar,26,26/26,0,0.0
