experiment,method,n_views,n_total,n_objects,n_planes_predicted_mean,n_true_planes_mean,n_planes_matched_mean,recall_planes_mean,precision_planes_mean,sde_ref_mean,sde_ref_min,sde_ref_max,f1_ref,f1_ref_hungarian
plane_v00_1_nomesh,triangulation_multiplane,6,850,737,1.0,1.1805,0.3161,0.2933,0.3161,0.0212219,4.71e-06,0.45160479,0.1483,0.1605
plane_v00_1_nomesh,triangulation_multiplane,14,850,582,1.9416,1.1959,0.9021,0.8159,0.4768,0.01423422,2.8e-06,0.42853481,0.4424,0.4157
plane_v00_1_nomesh,triangulation_multiplane,26,850,837,2.3596,1.1924,0.8757,0.763,0.4241,0.01451056,1.22e-06,0.61754945,0.1711,0.1842
plane_v00_nomesh,triangulation_multiplane,6,850,833,1.0,1.1945,0.4118,0.3681,0.4118,0.07293137,4.11e-06,3.00975382,0.144,0.1567
plane_v00_nomesh,triangulation_multiplane,14,850,777,1.9704,1.1853,0.6873,0.6347,0.3514,0.02961036,1.83e-06,0.90348984,0.2809,0.2773
plane_v00_nomesh,triangulation_multiplane,26,850,810,2.3506,1.1951,0.6753,0.5951,0.3311,0.02630705,2.01e-06,0.82018392,0.133,0.1442
plane_v01_1_nomesh,triangulation_multiplane,6,850,847,1.0,1.1936,0.1251,0.0726,0.1251,0.0161853,4.44e-06,0.23268312,0.0722,0.071
plane_v01_1_nomesh,triangulation_multiplane,14,850,847,1.9587,1.1913,0.0224,0.0163,0.0112,0.03954021,0.00021869,0.47729683,0.0013,0.0015
plane_v01_1_nomesh,triangulation_multiplane,26,850,844,2.0012,1.1943,0.0166,0.0122,0.0083,0.04538129,0.00032646,0.88051969,0.0005,0.0006
plane_v01_nomesh,triangulation_multiplane,6,850,846,1.0,1.1939,0.1277,0.0774,0.1277,0.0182364,3.35e-06,0.31739587,0.0671,0.0679
plane_v01_nomesh,triangulation_multiplane,14,850,846,1.9563,1.1915,0.0177,0.0136,0.0089,0.04402324,0.00037766,0.4654549,0.002,0.0023
plane_v01_nomesh,triangulation_multiplane,26,850,840,2.0012,1.1952,0.0202,0.0161,0.0097,0.05186373,0.00030507,3.28730826,0.0013,0.0015
plane_v02_1_nomesh,triangulation_multiplane,6,850,717,1.0,1.1841,0.4073,0.3689,0.4073,0.01696518,4.33e-06,0.25995924,0.2035,0.2206
plane_v02_1_nomesh,triangulation_multiplane,14,850,544,1.9467,1.1912,0.8879,0.8076,0.4669,0.01500576,3.91e-06,0.27588139,0.4137,0.3881
plane_v02_1_nomesh,triangulation_multiplane,26,850,779,2.1823,1.1887,0.8434,0.7373,0.4548,0.01378865,1.71e-06,0.48470275,0.2069,0.2228
plane_v02_nomesh,triangulation_multiplane,6,850,792,1.0,1.1869,0.5164,0.4644,0.5164,0.01352913,1.89e-06,0.26636568,0.2588,0.2809
plane_v02_nomesh,triangulation_multiplane,14,850,658,1.9316,1.1809,0.8982,0.8209,0.4764,0.01422261,5.62e-06,0.27380926,0.428,0.4011
plane_v02_nomesh,triangulation_multiplane,26,850,828,2.1268,1.1944,0.8551,0.7532,0.4839,0.01309238,9e-08,0.50413681,0.2174,0.2353
plane_v03_1_nomesh,triangulation_multiplane,6,850,838,1.0,1.1945,0.1659,0.103,0.1659,0.02230611,1.87e-06,0.5422141,0.0767,0.0805
plane_v03_1_nomesh,triangulation_multiplane,14,850,841,1.9477,1.1914,0.0309,0.025,0.0155,0.04680456,1.135e-05,0.51575962,0.0068,0.0076
plane_v03_1_nomesh,triangulation_multiplane,26,850,826,2.0048,1.1973,0.0133,0.0105,0.0073,0.05231006,2.001e-05,1.99182193,0.0015,0.0017
plane_v03_nomesh,triangulation_multiplane,6,850,843,1.0,1.1945,0.1732,0.1089,0.1732,0.0200724,2.194e-05,0.29940179,0.0829,0.0862
plane_v03_nomesh,triangulation_multiplane,14,850,840,1.9512,1.1952,0.0238,0.0192,0.0125,0.04826466,5.71e-05,1.00648889,0.0027,0.003
plane_v03_nomesh,triangulation_multiplane,26,850,823,2.0012,1.1993,0.017,0.0128,0.0089,0.0582822,2.399e-05,2.86321674,0.0029,0.0032
plane_v04_1_nomesh,triangulation_multiplane,6,850,707,1.0,1.1754,0.2291,0.2136,0.2291,0.02112839,5.62e-06,0.23904589,0.1146,0.1239
plane_v04_1_nomesh,triangulation_multiplane,14,850,553,1.8915,1.1682,0.9313,0.8544,0.5181,0.01193482,3.58e-06,0.20172044,0.4819,0.435
plane_v04_1_nomesh,triangulation_multiplane,26,850,687,2.3886,1.1601,0.9374,0.8299,0.4262,0.0129597,1.34e-06,0.1134175,0.162,0.1737
plane_v04_nomesh,triangulation_multiplane,6,850,648,1.0,1.1605,0.2994,0.2798,0.2994,0.02036259,2.655e-05,0.27736731,0.1526,0.1639
plane_v04_nomesh,triangulation_multiplane,14,850,641,1.9423,1.1732,0.9236,0.8445,0.4875,0.01431553,3.43e-06,0.32573694,0.4755,0.4256
plane_v04_nomesh,triangulation_multiplane,26,850,756,2.3598,1.1839,0.9392,0.8192,0.4376,0.01210777,2.19e-06,0.37804121,0.1632,0.1773
plane_v05_1_nomesh,triangulation_multiplane,6,850,796,1.0,1.191,0.5628,0.5023,0.5628,0.0159458,4.7e-06,0.44754647,0.2706,0.2942
plane_v05_1_nomesh,triangulation_multiplane,14,850,684,1.9678,1.1827,0.7383,0.6786,0.3801,0.02232361,8.5e-07,0.41188388,0.3241,0.3135
plane_v05_1_nomesh,triangulation_multiplane,26,850,827,2.231,1.1947,0.5732,0.5046,0.2924,0.02709138,1.64e-06,1.22366977,0.1179,0.1274
plane_v05_nomesh,triangulation_multiplane,6,850,839,1.0,1.1847,0.1979,0.153,0.1979,0.07639379,2.224e-05,41.18505421,0.0787,0.0821
plane_v05_nomesh,triangulation_multiplane,14,850,812,1.968,1.186,0.1084,0.0979,0.0542,0.05663264,7.68e-06,0.41729333,0.0211,0.0232
plane_v05_nomesh,triangulation_multiplane,26,850,848,2.013,1.1934,0.092,0.0818,0.0448,0.05548326,3.43e-06,1.18779295,0.0256,0.0287
plane_v06_nomesh,triangulation_multiplane,6,850,730,1.0,1.1836,0.4438,0.4021,0.4438,0.01665139,4e-06,0.34411486,0.2179,0.2362
plane_v06_nomesh,triangulation_multiplane,14,850,531,1.9266,1.1789,0.9077,0.8299,0.4868,0.01446813,5.86e-06,0.28224818,0.4348,0.403
plane_v06_nomesh,triangulation_multiplane,26,850,822,2.174,1.1898,0.865,0.751,0.4643,0.01355088,4.9e-07,0.34468578,0.2046,0.2228
plane_v07_nomesh,triangulation_multiplane,6,850,652,1.0,1.1702,0.2331,0.216,0.2331,0.02202931,4.85e-06,0.31497387,0.1121,0.1208
plane_v07_nomesh,triangulation_multiplane,14,850,501,1.9182,1.1737,0.9222,0.8463,0.499,0.01239945,4.7e-07,0.21042971,0.4646,0.43
plane_v07_nomesh,triangulation_multiplane,26,850,709,2.4866,1.1904,0.9845,0.8578,0.4431,0.0135626,2.45e-06,0.58806739,0.1636,0.1763
