tipo,object_id,index,archivo,elevacion,azimut,cos_camara_simetria,motivo
axial,941271c5d9b192eaccd8f9b9403fd602,0,IND_00_AZ_090_EL_+89.png,89,90,0.999,elevación extrema (+89°)
axial,941271c5d9b192eaccd8f9b9403fd602,1,IND_01_AZ_137_EL_+79.png,79,137,0.981,elevación extrema (+79°)
axial,941271c5d9b192eaccd8f9b9403fd602,2,IND_02_AZ_276_EL_+74.png,74,276,0.971,elevación extrema (+74°)
axial,941271c5d9b192eaccd8f9b9403fd602,3,IND_03_AZ_052_EL_+71.png,71,52,0.935,elevación extrema (+71°)
axial,941271c5d9b192eaccd8f9b9403fd602,55,IND_55_AZ_002_EL_+01.png,1,2,0.005,"comparación: franja central, ve el eje de lado (el +1°)"
axial,941271c5d9b192eaccd8f9b9403fd602,110,IND_110_AZ_005_EL_-71.png,-71,5,0.954,elevación extrema (-71°)
axial,941271c5d9b192eaccd8f9b9403fd602,111,IND_111_AZ_143_EL_-74.png,-74,143,0.964,elevación extrema (-74°)
axial,941271c5d9b192eaccd8f9b9403fd602,112,IND_112_AZ_281_EL_-79.png,-79,281,0.977,elevación extrema (-79°)
axial,941271c5d9b192eaccd8f9b9403fd602,113,IND_113_AZ_270_EL_-89.png,-89,270,0.999,elevación extrema (-89°)
planar,1074bdcb3c2032fe0f3f8b6e1796773,0,IND_00_AZ_090_EL_+89.png,89,90,0.0,elevación extrema (+89°)
planar,1074bdcb3c2032fe0f3f8b6e1796773,1,IND_01_AZ_137_EL_+79.png,79,137,0.138,elevación extrema (+79°)
planar,1074bdcb3c2032fe0f3f8b6e1796773,2,IND_02_AZ_276_EL_+74.png,74,276,0.023,elevación extrema (+74°)
planar,1074bdcb3c2032fe0f3f8b6e1796773,3,IND_03_AZ_052_EL_+71.png,71,52,0.196,elevación extrema (+71°)
planar,1074bdcb3c2032fe0f3f8b6e1796773,48,IND_48_AZ_120_EL_+08.png,8,120,0.5,"comparación: franja central, vista oblicua del plano (el +8°)"
planar,1074bdcb3c2032fe0f3f8b6e1796773,110,IND_110_AZ_005_EL_-71.png,-71,5,0.32,elevación extrema (-71°)
planar,1074bdcb3c2032fe0f3f8b6e1796773,111,IND_111_AZ_143_EL_-74.png,-74,143,0.212,elevación extrema (-74°)
planar,1074bdcb3c2032fe0f3f8b6e1796773,112,IND_112_AZ_281_EL_-79.png,-79,281,0.035,elevación extrema (-79°)
planar,1074bdcb3c2032fe0f3f8b6e1796773,113,IND_113_AZ_270_EL_-89.png,-89,270,0.0,elevación extrema (-89°)
