experiment,method,n_views,n_total,n_objects,angular_error_mean,angular_error_median,angular_error_std,translation_error_mean,translation_error_median,translation_error_std,translation_error_normalized_mean,translation_error_normalized_median,auc_angular,n_points_mean,precision_5deg,precision_10deg,precision_15deg,sde_ref_mean,sde_ref_min,sde_ref_max
axis_v00_1_nomesh,triangulation,6,850,791,59.5858,62.4814,22.3329,1.049133,0.375279,1.75506,0.969169,0.343498,0.0921,5.92,0.0035,0.0129,0.0376,0.04918848,1.324e-05,1.53709345
axis_v00_1_nomesh,triangulation,14,850,789,59.2989,62.5569,22.4851,0.670072,0.341493,0.786966,0.620566,0.316961,0.0943,13.82,0.0035,0.0141,0.0329,0.05074493,1.402e-05,1.34502821
axis_v00_1_nomesh,triangulation,26,850,828,57.7794,61.1501,22.0187,0.603244,0.292038,0.806752,0.558192,0.286683,0.1002,25.77,0.0035,0.0129,0.0365,0.0559783,1.402e-05,2.21060711
axis_v00_nomesh,triangulation,6,850,793,59.0896,61.8778,22.2166,0.503985,0.078014,1.261171,0.46681,0.072255,0.0935,5.9,0.0059,0.0153,0.0365,0.05659244,0.00017439,1.75071701
axis_v00_nomesh,triangulation,14,850,745,61.7163,66.4738,23.383,0.309435,0.062598,0.590284,0.287154,0.058369,0.0905,13.64,0.0047,0.0224,0.0459,0.06008648,0.00017161,2.13824528
axis_v00_nomesh,triangulation,26,850,781,59.9108,62.6981,22.899,0.283895,0.091011,0.437301,0.263906,0.086437,0.0952,25.81,0.0035,0.0141,0.0365,0.07671359,0.00016982,2.71052008
axis_v01_1_nomesh,triangulation,6,850,827,60.1959,64.5176,22.4156,0.11568,0.063549,0.161605,0.106552,0.058677,0.0933,5.88,0.0035,0.0153,0.0353,0.04120124,0.00053648,0.71694428
axis_v01_1_nomesh,triangulation,14,850,821,60.4135,65.1172,22.7661,0.069022,0.045054,0.088844,0.062912,0.041079,0.0963,13.71,0.0024,0.0141,0.0376,0.04611028,0.00047399,0.74460412
axis_v01_1_nomesh,triangulation,26,850,832,60.6804,64.4111,21.0521,0.096367,0.067405,0.112398,0.088693,0.062321,0.0792,25.53,0.0,0.0129,0.0259,0.08018983,0.00038376,3.56987013
axis_v01_nomesh,triangulation,6,850,818,59.8895,64.6248,23.2294,0.119799,0.065746,0.172383,0.109652,0.061512,0.1022,5.86,0.0035,0.0188,0.04,0.04321789,0.00016097,0.6877491
axis_v01_nomesh,triangulation,14,850,811,60.1337,64.8677,23.1161,0.082977,0.04976,0.121063,0.075202,0.046879,0.1001,13.62,0.0035,0.02,0.0471,0.06190619,0.00044219,6.32122744
axis_v01_nomesh,triangulation,26,850,823,60.42,63.7249,21.455,0.092809,0.067401,0.092707,0.085202,0.063069,0.0834,25.45,0.0024,0.0153,0.0259,0.0726449,0.00070738,2.87315818
axis_v02_1_nomesh,triangulation,6,850,678,64.194,68.1051,22.6409,0.390126,0.036034,0.957222,0.361006,0.032416,0.071,5.88,0.0059,0.0153,0.0271,0.04333786,3.398e-05,0.84160785
axis_v02_1_nomesh,triangulation,14,850,675,63.6168,68.7907,23.9214,0.192986,0.027305,0.425361,0.178181,0.025033,0.0871,13.65,0.0035,0.0129,0.0306,0.0386129,1.399e-05,0.36167267
axis_v02_1_nomesh,triangulation,26,850,576,66.1063,73.6785,24.8594,0.217111,0.043065,0.445044,0.200794,0.040522,0.0861,25.54,0.0012,0.0106,0.0318,0.04914932,1.406e-05,0.51916274
axis_v02_nomesh,triangulation,6,850,816,60.5261,65.1429,22.9279,0.126554,0.073003,0.189315,0.115611,0.067629,0.0979,5.92,0.0059,0.0176,0.04,0.05885061,4.082e-05,1.92176817
axis_v02_nomesh,triangulation,14,850,773,62.3693,67.3388,23.1684,0.093525,0.052302,0.316661,0.085717,0.04828,0.0913,13.77,0.0047,0.0176,0.0424,0.06720496,4.156e-05,2.41590397
axis_v02_nomesh,triangulation,26,850,782,62.3521,66.4535,21.6128,0.10764,0.080411,0.094613,0.098716,0.07461,0.0756,25.55,0.0012,0.0094,0.0247,0.08805173,0.00048236,2.75816986
axis_v03_1_nomesh,triangulation,6,850,814,59.7367,63.4853,23.088,0.114619,0.05904,0.168681,0.104535,0.053221,0.1018,5.83,0.0024,0.0224,0.0435,0.06722462,0.00011012,9.9630941
axis_v03_1_nomesh,triangulation,14,850,800,60.7214,65.357,23.1259,0.072903,0.042702,0.102847,0.066655,0.039306,0.0956,13.51,0.0012,0.0118,0.0306,0.06048343,0.00050173,1.69405879
axis_v03_1_nomesh,triangulation,26,850,782,61.4337,65.3107,22.054,0.091688,0.054923,0.103886,0.084158,0.050711,0.0837,25.04,0.0012,0.0129,0.0282,0.08700742,0.00020339,2.13037356
axis_v03_nomesh,triangulation,6,850,805,59.3453,63.4532,23.2613,0.107831,0.054634,0.172798,0.098976,0.050786,0.1051,5.81,0.0035,0.0188,0.0482,0.05831819,0.0001515,2.40218636
axis_v03_nomesh,triangulation,14,850,798,59.8297,64.3879,23.2681,0.07343,0.042069,0.100259,0.066954,0.04022,0.1012,13.52,0.0071,0.02,0.0424,0.05999134,0.00031524,1.18248784
axis_v03_nomesh,triangulation,26,850,764,62.1582,66.65,22.7051,0.093524,0.063918,0.099181,0.085751,0.058568,0.0873,25.47,0.0024,0.0118,0.0318,0.08386287,0.0002444,2.40596021
axis_v04_1_nomesh,triangulation,6,850,824,58.5025,60.5356,21.8918,0.452423,0.041326,1.767284,0.429224,0.038084,0.0935,5.93,0.0059,0.0141,0.0435,0.04610882,0.00016022,1.88854238
axis_v04_1_nomesh,triangulation,14,850,809,59.3881,62.1605,22.4932,0.216855,0.037316,0.533098,0.203967,0.033822,0.094,13.77,0.0059,0.0153,0.0435,0.04816758,0.00015868,1.99786726
axis_v04_1_nomesh,triangulation,26,850,829,57.8352,60.0594,22.0996,0.237305,0.065753,0.648034,0.21833,0.06027,0.0989,25.69,0.0035,0.0176,0.0424,0.05476661,0.00016025,1.08265892
axis_v04_nomesh,triangulation,6,850,831,57.6775,59.8444,22.0314,0.294693,0.039036,0.992993,0.278221,0.035656,0.1001,5.95,0.0059,0.0165,0.0424,0.04379879,0.00017566,2.02418401
axis_v04_nomesh,triangulation,14,850,816,58.51,61.8239,22.7595,0.154608,0.032821,0.437389,0.147219,0.030297,0.1043,13.82,0.0047,0.0141,0.0447,0.04511889,0.00030195,0.58373179
axis_v04_nomesh,triangulation,26,850,806,58.6575,61.5348,22.6394,0.206336,0.066979,1.091276,0.193489,0.059464,0.1014,25.76,0.0047,0.0165,0.04,0.06056158,0.00017285,1.37937721
axis_v05_1_nomesh,triangulation,6,850,804,58.6396,61.8064,22.3976,1.385917,0.331548,13.571386,1.304897,0.305433,0.0982,5.9,0.0035,0.0141,0.0329,0.0470768,1.311e-05,1.31478187
axis_v05_1_nomesh,triangulation,14,850,793,58.9516,61.9278,22.7155,0.614877,0.254388,0.740069,0.567436,0.23896,0.0994,13.82,0.0059,0.0165,0.0365,0.04199795,0.00016961,0.76283923
axis_v05_1_nomesh,triangulation,26,850,831,57.356,60.5323,22.1123,0.461498,0.17195,0.62443,0.42393,0.151393,0.1039,25.95,0.0035,0.0129,0.0353,0.04050135,1.374e-05,0.87509609
axis_v05_nomesh,triangulation,6,850,818,58.6757,61.2893,22.3098,0.643449,0.110921,1.240116,0.602684,0.106542,0.0965,5.95,0.0035,0.0165,0.0424,0.04815224,0.00017867,1.62940026
axis_v05_nomesh,triangulation,14,850,801,58.3199,60.52,22.9765,0.428279,0.12436,0.648833,0.400001,0.11716,0.105,13.84,0.0071,0.0188,0.0424,0.0493525,0.00017808,1.91271656
axis_v05_nomesh,triangulation,26,850,830,57.6749,60.8479,22.1029,0.451286,0.173284,0.586696,0.418513,0.158313,0.1021,25.83,0.0035,0.0141,0.0353,0.05244534,0.00017628,1.19579336
axis_v06_nomesh,triangulation,6,850,824,57.6047,59.6248,22.1268,0.355892,0.035175,1.303489,0.335807,0.032334,0.1011,5.92,0.0071,0.0153,0.0471,0.04312819,0.00015974,1.87180107
axis_v06_nomesh,triangulation,14,850,812,58.9004,61.6038,22.2484,0.191992,0.033539,0.609009,0.180273,0.030526,0.0958,13.82,0.0047,0.0188,0.0447,0.04449302,0.00019015,0.79718844
axis_v06_nomesh,triangulation,26,850,821,57.3673,58.6836,22.3965,0.176784,0.064009,0.347021,0.165033,0.05977,0.1034,25.62,0.0035,0.0176,0.0435,0.06085651,0.00017795,1.53546638
axis_v07_nomesh,triangulation,6,850,502,70.9215,79.6162,22.3367,0.804577,0.079771,3.067103,0.738874,0.070027,0.0514,5.83,0.0024,0.0094,0.0141,0.04992447,3.263e-05,0.91678074
axis_v07_nomesh,triangulation,14,850,493,71.856,82.7378,22.3883,0.293738,0.038356,0.667895,0.273695,0.033819,0.0535,13.75,0.0024,0.0094,0.0188,0.0459926,1.289e-05,0.32998759
axis_v07_nomesh,triangulation,26,850,500,70.1031,80.6962,23.5694,0.236471,0.056262,0.411709,0.219865,0.051823,0.0653,25.71,0.0012,0.0082,0.0235,0.06504489,1.308e-05,1.21163702
