group,experiment_id,angular_error_deg
independent,axis_v00,61.8689
independent,axis_v00,56.4505
independent,axis_v00,83.9216
independent,axis_v00,8.743
independent,axis_v00,78.0262
independent,axis_v00,8.5053
independent,axis_v00,2.9156
independent,axis_v00,10.6961
independent,axis_v00,20.381
independent,axis_v00,81.4565
independent,axis_v00,3.0588
independent,axis_v00,2.5528
independent,axis_v00,85.827
independent,axis_v00,4.251
independent,axis_v00,87.2585
independent,axis_v00,9.1019
independent,axis_v00,14.7751
independent,axis_v00,85.5352
independent,axis_v00,28.966
independent,axis_v00,82.78
independent,axis_v00,10.0101
independent,axis_v00,12.3294
independent,axis_v00,2.6215
independent,axis_v00,6.1199
independent,axis_v00,18.0479
independent,axis_v00,85.8979
independent,axis_v00,4.8985
independent,axis_v00,22.3238
independent,axis_v00,6.4231
independent,axis_v00,74.292
independent,axis_v00,88.0524
independent,axis_v00,7.1317
independent,axis_v00,30.5883
independent,axis_v00,11.9403
independent,axis_v00,82.0027
independent,axis_v00,24.9902
independent,axis_v00,5.603
independent,axis_v00,72.2056
independent,axis_v00,81.4407
independent,axis_v00,90.0
independent,axis_v00,88.4888
independent,axis_v00,7.3132
independent,axis_v00,72.935
independent,axis_v00,39.0045
independent,axis_v00,24.3261
independent,axis_v00,88.4342
independent,axis_v00,6.7243
independent,axis_v00,74.6453
independent,axis_v00,11.693
independent,axis_v00,87.8473
independent,axis_v00,75.8508
independent,axis_v00,33.2651
independent,axis_v00,1.6845
independent,axis_v00,89.9999
independent,axis_v00,68.7948
independent,axis_v00,89.9995
independent,axis_v00,11.3331
independent,axis_v00,86.2411
independent,axis_v00,89.5825
independent,axis_v00,78.3501
independent,axis_v00,6.4044
independent,axis_v00,6.4878
independent,axis_v00,11.2116
independent,axis_v00,9.1115
independent,axis_v00,22.6377
independent,axis_v00,2.2173
independent,axis_v00,6.1744
independent,axis_v00,4.4614
independent,axis_v00,49.0323
independent,axis_v00,86.7368
independent,axis_v00,15.2874
independent,axis_v00,80.0886
independent,axis_v00,89.7132
independent,axis_v00,34.8857
independent,axis_v00,55.4802
independent,axis_v00,8.1013
independent,axis_v00,88.258
independent,axis_v00,15.6476
independent,axis_v00,13.8058
independent,axis_v00,88.3961
independent,axis_v00,88.169
independent,axis_v00,16.8671
independent,axis_v00,50.3628
independent,axis_v00,3.8352
independent,axis_v00,85.2401
independent,axis_v00,82.9177
independent,axis_v00,7.7219
independent,axis_v00,87.3021
independent,axis_v00,89.5749
independent,axis_v00,6.6032
independent,axis_v00,82.5635
independent,axis_v00,86.9765
independent,axis_v00,37.4402
independent,axis_v00,82.1467
independent,axis_v00,86.0875
independent,axis_v00,60.085
independent,axis_v00,83.2436
independent,axis_v00,6.6735
independent,axis_v00,4.2823
independent,axis_v00,16.8205
independent,axis_v00,88.6762
independent,axis_v00,86.7739
independent,axis_v00,15.0865
independent,axis_v00,65.8931
independent,axis_v00,3.2623
independent,axis_v00,6.6779
independent,axis_v00,5.1503
independent,axis_v00,6.0573
independent,axis_v00,87.8863
independent,axis_v00,16.2635
independent,axis_v00,3.2619
independent,axis_v00,85.4342
independent,axis_v00,87.9852
independent,axis_v00,5.5937
independent,axis_v00,89.7987
independent,axis_v00,10.4572
independent,axis_v00,13.9509
independent,axis_v00,87.9825
independent,axis_v00,89.6873
independent,axis_v00,6.5483
independent,axis_v00,80.9194
independent,axis_v00,50.104
independent,axis_v00,66.365
independent,axis_v00,88.1812
independent,axis_v00,3.8579
independent,axis_v00,85.0596
independent,axis_v00,89.2561
independent,axis_v00,84.4169
independent,axis_v00,23.9682
independent,axis_v00,8.4366
independent,axis_v00,74.531
independent,axis_v00,88.5801
independent,axis_v00,5.1088
independent,axis_v00,90.0
independent,axis_v00,74.9008
independent,axis_v00,8.1371
independent,axis_v00,13.1976
independent,axis_v00,3.3555
independent,axis_v00,3.3961
independent,axis_v00,27.9843
independent,axis_v00,89.3619
independent,axis_v00,6.675
independent,axis_v00,11.8455
independent,axis_v00,23.238
independent,axis_v00,88.1978
independent,axis_v00,5.4557
independent,axis_v00,88.4574
independent,axis_v00,4.0592
independent,axis_v00,4.919
independent,axis_v00,13.8477
independent,axis_v00,22.7445
independent,axis_v00,85.1889
independent,axis_v00,1.1891
independent,axis_v00,13.9797
independent,axis_v00,89.5322
independent,axis_v00,72.557
independent,axis_v00,81.968
independent,axis_v00,8.6317
independent,axis_v00,78.7909
independent,axis_v00,82.6879
independent,axis_v00,72.1839
independent,axis_v00,19.0637
independent,axis_v00,24.2243
independent,axis_v00,75.954
independent,axis_v00,88.545
independent,axis_v00,3.6954
independent,axis_v00,4.0974
independent,axis_v00,4.5862
independent,axis_v00,45.4685
independent,axis_v00,82.5378
independent,axis_v00,22.2553
independent,axis_v00,70.2404
independent,axis_v00,10.4231
independent,axis_v00,4.6163
independent,axis_v00,1.7916
independent,axis_v00,7.805
independent,axis_v00,85.7038
independent,axis_v00,60.9259
independent,axis_v00,3.3807
independent,axis_v00,0.4787
independent,axis_v00,89.82
independent,axis_v00,38.5373
independent,axis_v00,86.4143
independent,axis_v00,88.8574
independent,axis_v00,6.6014
independent,axis_v00,3.0679
independent,axis_v00,86.0605
independent,axis_v00,7.1088
independent,axis_v00,5.4823
independent,axis_v00,83.1381
independent,axis_v00,63.9791
independent,axis_v00,89.8454
independent,axis_v00,90.0
independent,axis_v00,14.063
independent,axis_v00,6.0336
independent,axis_v00,6.2174
independent,axis_v00,77.2418
independent,axis_v00,4.3456
independent,axis_v00,73.7525
independent,axis_v00,85.169
independent,axis_v00,12.192
independent,axis_v00,4.2574
independent,axis_v00,70.9876
independent,axis_v00,87.789
independent,axis_v00,87.7335
independent,axis_v00,26.9095
independent,axis_v00,89.2756
independent,axis_v00,78.1942
independent,axis_v00,5.8103
independent,axis_v00,6.0051
independent,axis_v00,67.1233
independent,axis_v00,80.0743
independent,axis_v00,88.8468
independent,axis_v00,44.3082
independent,axis_v00,19.9932
independent,axis_v00,10.0301
independent,axis_v00,69.5399
independent,axis_v00,55.8585
independent,axis_v00,16.641
independent,axis_v00,86.9433
independent,axis_v00,2.5788
independent,axis_v00,10.4679
independent,axis_v00,3.9737
independent,axis_v00,40.0323
independent,axis_v00,4.5426
independent,axis_v00,8.5036
independent,axis_v00,7.3162
independent,axis_v00,9.3971
independent,axis_v00,89.9564
independent,axis_v00,4.1148
independent,axis_v00,3.1053
independent,axis_v00,87.7373
independent,axis_v00,16.8582
independent,axis_v00,85.5603
independent,axis_v00,75.7535
independent,axis_v00,8.86
independent,axis_v00,76.5384
independent,axis_v00,89.8283
independent,axis_v00,74.545
independent,axis_v00,14.0205
independent,axis_v00,6.7929
independent,axis_v00,35.3702
independent,axis_v00,68.526
independent,axis_v00,32.7857
independent,axis_v00,4.6399
independent,axis_v00,46.9642
independent,axis_v00,40.1994
independent,axis_v00,2.7231
independent,axis_v00,44.8186
independent,axis_v00,18.39
independent,axis_v00,11.8238
independent,axis_v00,66.7725
independent,axis_v00,64.9101
independent,axis_v00,5.7806
independent,axis_v00,70.3899
independent,axis_v00,61.7356
independent,axis_v00,2.9612
independent,axis_v00,13.6558
independent,axis_v00,2.567
independent,axis_v00,89.0169
independent,axis_v00,1.1471
independent,axis_v00,6.2432
independent,axis_v00,11.8386
independent,axis_v00,9.7091
independent,axis_v00,87.256
independent,axis_v00,86.7141
independent,axis_v00,82.487
independent,axis_v00,86.5008
independent,axis_v00,77.8163
independent,axis_v00,27.7955
independent,axis_v00,17.6693
independent,axis_v00,7.359
independent,axis_v00,69.7522
independent,axis_v00,2.1094
independent,axis_v00,53.8633
independent,axis_v00,16.1889
independent,axis_v00,1.8418
independent,axis_v00,32.4635
independent,axis_v00,88.1885
independent,axis_v00,88.7857
independent,axis_v00,4.6493
independent,axis_v00,87.789
independent,axis_v00,89.8749
independent,axis_v00,18.8498
independent,axis_v00,8.5656
independent,axis_v00,88.9728
independent,axis_v00,87.5242
independent,axis_v00,21.552
independent,axis_v00,87.6747
independent,axis_v00,38.3514
independent,axis_v00,6.8457
independent,axis_v00,89.5334
independent,axis_v00,5.1601
independent,axis_v00,89.7548
independent,axis_v00,19.228
independent,axis_v00,25.1927
independent,axis_v00,4.7893
independent,axis_v00,21.6461
independent,axis_v00,76.565
independent,axis_v00,7.488
independent,axis_v00,54.6127
independent,axis_v00,65.0508
independent,axis_v00,68.8405
independent,axis_v00,9.2854
independent,axis_v00,11.3245
independent,axis_v00,86.895
independent,axis_v00,87.8811
independent,axis_v00,14.1631
independent,axis_v00,4.7004
independent,axis_v00,6.0205
independent,axis_v00,14.3444
independent,axis_v00,4.0728
independent,axis_v00,85.7231
independent,axis_v00,90.0
independent,axis_v00,83.9307
independent,axis_v00,89.5961
independent,axis_v00,11.1413
independent,axis_v00,7.4542
independent,axis_v00,89.7201
independent,axis_v00,74.3778
independent,axis_v00,87.5333
independent,axis_v00,13.9486
independent,axis_v00,87.632
independent,axis_v00,11.0712
independent,axis_v00,87.4525
independent,axis_v00,15.2064
independent,axis_v00,89.062
independent,axis_v00,5.7273
independent,axis_v00,7.7724
independent,axis_v00,4.2846
independent,axis_v00,89.5353
independent,axis_v00,31.567
independent,axis_v00,38.4233
independent,axis_v00,86.1873
independent,axis_v00,4.614
independent,axis_v00,4.9972
independent,axis_v00,10.6747
independent,axis_v00,42.3147
independent,axis_v00,20.8074
independent,axis_v00,72.3466
independent,axis_v00,19.895
independent,axis_v00,39.9555
independent,axis_v00,89.9118
independent,axis_v00,89.7054
independent,axis_v00,2.2105
independent,axis_v00,89.1154
independent,axis_v00,89.5188
independent,axis_v00,6.4487
independent,axis_v00,24.8811
independent,axis_v00,84.8075
independent,axis_v00,36.3512
independent,axis_v00,78.5504
independent,axis_v00,90.0
independent,axis_v00,23.3437
independent,axis_v00,3.028
independent,axis_v00,89.9418
independent,axis_v00,19.6042
independent,axis_v00,66.3514
independent,axis_v00,3.847
independent,axis_v00,89.4083
independent,axis_v00,78.2911
independent,axis_v00,84.7698
independent,axis_v00,36.2115
independent,axis_v00,33.2261
independent,axis_v00,3.267
independent,axis_v00,8.2512
independent,axis_v00,83.6125
independent,axis_v00,15.6898
independent,axis_v00,90.0
independent,axis_v00,82.724
independent,axis_v00,89.5166
independent,axis_v00,29.7614
independent,axis_v00,88.2661
independent,axis_v00,73.0905
independent,axis_v00,77.2366
independent,axis_v00,89.9998
independent,axis_v00,6.0822
independent,axis_v00,88.9899
independent,axis_v00,3.2798
independent,axis_v00,2.7073
independent,axis_v00,82.6054
independent,axis_v00,88.5218
independent,axis_v00,89.7054
independent,axis_v00,88.3258
independent,axis_v00,27.3491
independent,axis_v00,87.1427
independent,axis_v00,55.5789
independent,axis_v00,69.2203
independent,axis_v00,85.1347
independent,axis_v00,29.1012
independent,axis_v00,87.3264
independent,axis_v00,36.3797
independent,axis_v00,22.1631
independent,axis_v00,15.3155
independent,axis_v00,9.9264
independent,axis_v00,52.4417
independent,axis_v00,71.7758
independent,axis_v00,5.1277
independent,axis_v00,41.1376
independent,axis_v00,80.6699
independent,axis_v00,3.305
independent,axis_v00,85.3387
independent,axis_v00,17.8494
independent,axis_v00,76.1198
independent,axis_v00,5.1775
independent,axis_v00,11.9158
independent,axis_v00,0.7882
independent,axis_v00,39.9681
independent,axis_v00,13.5453
independent,axis_v00,12.3778
independent,axis_v00,1.9579
independent,axis_v00,87.1558
independent,axis_v00,50.7944
independent,axis_v00,89.5158
independent,axis_v00,1.5568
independent,axis_v00,3.0224
independent,axis_v00,86.7935
independent,axis_v00,70.8771
independent,axis_v00,18.3125
independent,axis_v00,66.408
independent,axis_v00,18.0949
independent,axis_v00,87.1915
independent,axis_v00,25.4583
independent,axis_v00,6.5734
independent,axis_v00,68.4478
independent,axis_v00,7.0083
independent,axis_v00,85.6411
independent,axis_v00,88.0575
independent,axis_v00,83.1307
independent,axis_v00,7.3009
independent,axis_v00,23.1251
independent,axis_v00,89.5092
independent,axis_v00,6.3766
independent,axis_v00,85.5476
independent,axis_v00,15.0757
independent,axis_v00,88.3175
independent,axis_v00,6.2148
independent,axis_v00,9.2017
independent,axis_v00,23.2984
independent,axis_v00,38.6483
independent,axis_v00,2.9596
independent,axis_v00,89.1564
independent,axis_v00,8.0777
independent,axis_v00,84.7854
independent,axis_v00,69.9155
independent,axis_v00,89.2527
independent,axis_v00,9.8075
independent,axis_v00,10.9556
independent,axis_v00,3.0114
independent,axis_v00,88.01
independent,axis_v00,3.7893
independent,axis_v00,64.8709
independent,axis_v00,47.0088
independent,axis_v00,89.1645
independent,axis_v00,14.574
independent,axis_v00,19.1006
independent,axis_v00,10.1141
independent,axis_v00,29.2791
independent,axis_v00,17.4018
independent,axis_v00,42.7877
independent,axis_v00,88.3508
independent,axis_v00,67.8859
independent,axis_v00,46.3125
independent,axis_v00,63.7209
independent,axis_v00,78.4956
independent,axis_v00,89.0346
independent,axis_v00,8.2575
independent,axis_v00,10.5052
independent,axis_v00,89.7946
independent,axis_v00,5.5206
independent,axis_v00,89.9979
independent,axis_v00,88.273
independent,axis_v00,13.9098
independent,axis_v00,90.0
independent,axis_v00,5.4204
independent,axis_v00,73.0065
independent,axis_v00,25.9101
independent,axis_v00,66.8872
independent,axis_v00,10.3494
independent,axis_v00,5.0286
independent,axis_v00,5.6543
independent,axis_v00,11.514
independent,axis_v00,88.8322
independent,axis_v00,3.3738
independent,axis_v00,84.8956
independent,axis_v00,5.0179
independent,axis_v00,78.3967
independent,axis_v00,10.1412
independent,axis_v00,61.5792
independent,axis_v00,89.4337
independent,axis_v00,56.4776
independent,axis_v00,5.2106
independent,axis_v00,2.7322
independent,axis_v00,85.5846
independent,axis_v00,13.2656
independent,axis_v00,85.7339
independent,axis_v00,7.0875
independent,axis_v00,83.7398
independent,axis_v00,80.1717
independent,axis_v00,88.59
independent,axis_v00,89.9332
independent,axis_v00,31.9784
independent,axis_v00,15.8525
independent,axis_v00,65.6953
independent,axis_v00,4.3693
independent,axis_v00,87.1563
independent,axis_v04,58.083
independent,axis_v04,49.9891
independent,axis_v04,11.8467
independent,axis_v04,89.9996
independent,axis_v04,77.0514
independent,axis_v04,2.1485
independent,axis_v04,7.0138
independent,axis_v04,8.14
independent,axis_v04,24.6842
independent,axis_v04,1.4659
independent,axis_v04,81.633
independent,axis_v04,3.9309
independent,axis_v04,86.2202
independent,axis_v04,60.7252
independent,axis_v04,89.3118
independent,axis_v04,89.9998
independent,axis_v04,52.9161
independent,axis_v04,11.0566
independent,axis_v04,5.3591
independent,axis_v04,86.7877
independent,axis_v04,6.2437
independent,axis_v04,5.7954
independent,axis_v04,5.9794
independent,axis_v04,76.6779
independent,axis_v04,23.8885
independent,axis_v04,4.5045
independent,axis_v04,63.8717
independent,axis_v04,11.7035
independent,axis_v04,54.2247
independent,axis_v04,86.6308
independent,axis_v04,87.1151
independent,axis_v04,87.3541
independent,axis_v04,78.9739
independent,axis_v04,67.0066
independent,axis_v04,54.5396
independent,axis_v04,10.1598
independent,axis_v04,2.795
independent,axis_v04,4.2432
independent,axis_v04,89.9999
independent,axis_v04,68.8459
independent,axis_v04,78.5545
independent,axis_v04,3.3101
independent,axis_v04,2.333
independent,axis_v04,87.8232
independent,axis_v04,45.9848
independent,axis_v04,2.2908
independent,axis_v04,10.8895
independent,axis_v04,7.115
independent,axis_v04,46.3611
independent,axis_v04,85.6499
independent,axis_v04,89.1971
independent,axis_v04,38.9263
independent,axis_v04,55.4802
independent,axis_v04,88.9229
independent,axis_v04,0.5852
independent,axis_v04,80.4754
independent,axis_v04,17.3752
independent,axis_v04,14.8371
independent,axis_v04,87.475
independent,axis_v04,26.4749
independent,axis_v04,6.6582
independent,axis_v04,34.5153
independent,axis_v04,15.7757
independent,axis_v04,88.3035
independent,axis_v04,68.9683
independent,axis_v04,6.0713
independent,axis_v04,69.3425
independent,axis_v04,82.4452
independent,axis_v04,5.0693
independent,axis_v04,75.4013
independent,axis_v04,85.8072
independent,axis_v04,88.4063
independent,axis_v04,7.6343
independent,axis_v04,89.6995
independent,axis_v04,18.952
independent,axis_v04,65.8436
independent,axis_v04,0.6202
independent,axis_v04,3.8714
independent,axis_v04,5.358
independent,axis_v04,4.5052
independent,axis_v04,1.4366
independent,axis_v04,77.9593
independent,axis_v04,23.4485
independent,axis_v04,84.7513
independent,axis_v04,51.0098
independent,axis_v04,81.4165
independent,axis_v04,8.0974
independent,axis_v04,5.6049
independent,axis_v04,88.4399
independent,axis_v04,15.5095
independent,axis_v04,9.4604
independent,axis_v04,85.0817
independent,axis_v04,87.6949
independent,axis_v04,6.843
independent,axis_v04,56.3224
independent,axis_v04,8.6772
independent,axis_v04,13.1263
independent,axis_v04,4.4718
independent,axis_v04,61.2629
independent,axis_v04,6.4741
independent,axis_v04,23.263
independent,axis_v04,14.1623
independent,axis_v04,37.9492
independent,axis_v04,82.3989
independent,axis_v04,90.0
independent,axis_v04,3.7293
independent,axis_v04,52.1185
independent,axis_v04,2.2041
independent,axis_v04,89.2164
independent,axis_v04,0.9984
independent,axis_v04,12.9007
independent,axis_v04,4.3466
independent,axis_v04,6.1706
independent,axis_v04,83.3563
independent,axis_v04,60.896
independent,axis_v04,2.9703
independent,axis_v04,44.6314
independent,axis_v04,74.6514
independent,axis_v04,12.9867
independent,axis_v04,81.2887
independent,axis_v04,8.4415
independent,axis_v04,3.8243
independent,axis_v04,17.5641
independent,axis_v04,87.5218
independent,axis_v04,21.9335
independent,axis_v04,59.3507
independent,axis_v04,6.3444
independent,axis_v04,5.0665
independent,axis_v04,84.4873
independent,axis_v04,89.1247
independent,axis_v04,79.8254
independent,axis_v04,78.3882
independent,axis_v04,1.0088
independent,axis_v04,89.4279
independent,axis_v04,4.7069
independent,axis_v04,1.9579
independent,axis_v04,6.9823
independent,axis_v04,15.5951
independent,axis_v04,86.4605
independent,axis_v04,28.4654
independent,axis_v04,81.5744
independent,axis_v04,90.0
independent,axis_v04,9.1289
independent,axis_v04,8.6002
independent,axis_v04,84.4838
independent,axis_v04,1.6732
independent,axis_v04,7.7759
independent,axis_v04,76.8488
independent,axis_v04,87.8383
independent,axis_v04,2.5502
independent,axis_v04,58.9651
independent,axis_v04,87.7078
independent,axis_v04,88.4246
independent,axis_v04,59.4654
independent,axis_v04,34.6883
independent,axis_v04,84.218
independent,axis_v04,2.8962
independent,axis_v04,27.4105
independent,axis_v04,6.3895
independent,axis_v04,44.2744
independent,axis_v04,80.9425
independent,axis_v04,19.9932
independent,axis_v04,3.7889
independent,axis_v04,10.4869
independent,axis_v04,89.3888
independent,axis_v04,5.8556
independent,axis_v04,6.9316
independent,axis_v04,26.4951
independent,axis_v04,7.1317
independent,axis_v04,7.6226
independent,axis_v04,9.5849
independent,axis_v04,48.37
independent,axis_v04,4.5062
independent,axis_v04,89.7404
independent,axis_v04,4.8213
independent,axis_v04,6.1082
independent,axis_v04,35.2932
independent,axis_v04,89.7099
independent,axis_v04,63.7879
independent,axis_v04,49.8291
independent,axis_v04,9.6388
independent,axis_v04,13.7969
independent,axis_v04,52.1142
independent,axis_v04,81.1306
independent,axis_v04,71.9026
independent,axis_v04,36.0234
independent,axis_v04,81.5375
independent,axis_v04,1.4604
independent,axis_v04,88.8484
independent,axis_v04,88.7374
independent,axis_v04,64.9101
independent,axis_v04,5.4988
independent,axis_v04,66.5598
independent,axis_v04,10.5165
independent,axis_v04,3.3433
independent,axis_v04,22.6528
independent,axis_v04,10.7751
independent,axis_v04,4.0492
independent,axis_v04,84.9452
independent,axis_v04,1.0702
independent,axis_v04,30.1114
independent,axis_v04,80.7066
independent,axis_v04,85.7332
independent,axis_v04,86.3162
independent,axis_v04,2.0336
independent,axis_v04,79.7407
independent,axis_v04,1.6565
independent,axis_v04,23.7229
independent,axis_v04,7.6262
independent,axis_v04,46.643
independent,axis_v04,1.5556
independent,axis_v04,53.8633
independent,axis_v04,1.8422
independent,axis_v04,85.0918
independent,axis_v04,45.0993
independent,axis_v04,69.4803
independent,axis_v04,89.4419
independent,axis_v04,1.2183
independent,axis_v04,81.9419
independent,axis_v04,75.5261
independent,axis_v04,1.2245
independent,axis_v04,11.9178
independent,axis_v04,4.7454
independent,axis_v04,31.8144
independent,axis_v04,89.9773
independent,axis_v04,57.4767
independent,axis_v04,5.7498
independent,axis_v04,7.035
independent,axis_v04,78.0384
independent,axis_v04,0.7149
independent,axis_v04,7.5645
independent,axis_v04,9.7314
independent,axis_v04,85.0804
independent,axis_v04,19.228
independent,axis_v04,25.1927
independent,axis_v04,54.6456
independent,axis_v04,53.2874
independent,axis_v04,7.0602
independent,axis_v04,10.7822
independent,axis_v04,48.7525
independent,axis_v04,87.3894
independent,axis_v04,89.9997
independent,axis_v04,87.6905
independent,axis_v04,14.8834
independent,axis_v04,42.828
independent,axis_v04,84.4378
independent,axis_v04,20.387
independent,axis_v04,87.4877
independent,axis_v04,11.0526
independent,axis_v04,0.7076
independent,axis_v04,88.1375
independent,axis_v04,88.3675
independent,axis_v04,1.1856
independent,axis_v04,20.2457
independent,axis_v04,77.0161
independent,axis_v04,90.0
independent,axis_v04,23.2913
independent,axis_v04,40.0599
independent,axis_v04,3.7473
independent,axis_v04,5.9959
independent,axis_v04,31.855
independent,axis_v04,28.334
independent,axis_v04,38.9745
independent,axis_v04,85.6808
independent,axis_v04,89.9443
independent,axis_v04,90.0
independent,axis_v04,46.8543
independent,axis_v04,5.5715
independent,axis_v04,84.8281
independent,axis_v04,82.3202
independent,axis_v04,11.2399
independent,axis_v04,17.6785
independent,axis_v04,71.6126
independent,axis_v04,82.7104
independent,axis_v04,40.4644
independent,axis_v04,88.5175
independent,axis_v04,50.8264
independent,axis_v04,18.9019
independent,axis_v04,86.8103
independent,axis_v04,3.4033
independent,axis_v04,86.7128
independent,axis_v04,25.3856
independent,axis_v04,3.5534
independent,axis_v04,3.7895
independent,axis_v04,9.661
independent,axis_v04,41.8257
independent,axis_v04,10.8506
independent,axis_v04,30.6276
independent,axis_v04,15.5159
independent,axis_v04,89.8072
independent,axis_v04,24.5244
independent,axis_v04,23.4542
independent,axis_v04,87.1169
independent,axis_v04,19.8625
independent,axis_v04,3.3373
independent,axis_v04,1.6691
independent,axis_v04,87.2453
independent,axis_v04,3.32
independent,axis_v04,3.1625
independent,axis_v04,60.8513
independent,axis_v04,86.5359
independent,axis_v04,11.9588
independent,axis_v04,67.757
independent,axis_v04,7.132
independent,axis_v04,86.6171
independent,axis_v04,90.0
independent,axis_v04,48.057
independent,axis_v04,79.4683
independent,axis_v04,15.7927
independent,axis_v04,7.8794
independent,axis_v04,3.3168
independent,axis_v04,30.1713
independent,axis_v04,26.5337
independent,axis_v04,85.1414
independent,axis_v04,79.6857
independent,axis_v04,11.762
independent,axis_v04,41.1376
independent,axis_v04,1.3453
independent,axis_v04,88.139
independent,axis_v04,16.2434
independent,axis_v04,49.4012
independent,axis_v04,85.9378
independent,axis_v04,9.1523
independent,axis_v04,10.2159
independent,axis_v04,87.715
independent,axis_v04,4.3465
independent,axis_v04,82.9253
independent,axis_v04,71.4172
independent,axis_v04,18.9666
independent,axis_v04,88.8706
independent,axis_v04,86.2126
independent,axis_v04,60.7761
independent,axis_v04,16.4585
independent,axis_v04,84.7526
independent,axis_v04,10.3817
independent,axis_v04,79.304
independent,axis_v04,86.3262
independent,axis_v04,7.7554
independent,axis_v04,19.8303
independent,axis_v04,55.2631
independent,axis_v04,5.0799
independent,axis_v04,32.9579
independent,axis_v04,75.2333
independent,axis_v04,89.9144
independent,axis_v04,7.5453
independent,axis_v04,38.0763
independent,axis_v04,81.439
independent,axis_v04,17.8257
independent,axis_v04,19.9114
independent,axis_v04,12.9074
independent,axis_v04,89.1702
independent,axis_v04,82.6545
independent,axis_v04,77.9176
independent,axis_v04,69.9032
independent,axis_v04,89.2186
independent,axis_v04,82.3362
independent,axis_v04,4.9137
independent,axis_v04,52.9591
independent,axis_v04,9.472
independent,axis_v04,3.284
independent,axis_v04,78.6679
independent,axis_v04,23.5193
independent,axis_v04,56.6422
independent,axis_v04,60.2823
independent,axis_v04,6.379
independent,axis_v04,90.0
independent,axis_v04,4.4497
independent,axis_v04,49.1615
independent,axis_v04,7.5481
independent,axis_v04,88.5272
independent,axis_v04,55.8465
independent,axis_v04,25.0806
independent,axis_v04,14.9424
independent,axis_v04,88.1453
independent,axis_v04,2.0433
independent,axis_v04,1.9232
independent,axis_v04,87.8332
independent,axis_v04,10.2713
independent,axis_v04,89.9891
independent,axis_v04,49.7507
independent,axis_v04,74.6989
independent,axis_v04,5.7031
independent,axis_v04,15.1692
independent,axis_v04,11.8625
independent,axis_v04,26.7321
independent,axis_v04,73.2846
independent,axis_v04,5.5478
independent,axis_v04,8.1224
independent,axis_v04,3.7741
independent,axis_v04,2.6071
independent,axis_v04,10.5816
independent,axis_v04,4.2549
independent,axis_v04,85.1777
independent,axis_v04,20.8804
independent,axis_v04,89.3414
independent,axis_v04,89.0639
independent,axis_v04,83.8878
independent,axis_v04,80.4992
independent,axis_v04,56.3646
independent,axis_v04,80.2262
independent,axis_v04,38.8082
independent,axis_v04,5.4923
independent,axis_v04,3.0381
independent,axis_v04,89.1615
independent,axis_v05,62.4196
independent,axis_v05,79.3633
independent,axis_v05,2.0683
independent,axis_v05,88.6678
independent,axis_v05,2.9982
independent,axis_v05,84.8798
independent,axis_v05,3.872
independent,axis_v05,1.8138
independent,axis_v05,12.8922
independent,axis_v05,87.1513
independent,axis_v05,7.49
independent,axis_v05,3.7032
independent,axis_v05,7.099
independent,axis_v05,25.0778
independent,axis_v05,78.0557
independent,axis_v05,89.1514
independent,axis_v05,4.6129
independent,axis_v05,87.2276
independent,axis_v05,9.5471
independent,axis_v05,9.0937
independent,axis_v05,86.964
independent,axis_v05,87.7932
independent,axis_v05,3.6486
independent,axis_v05,80.2655
independent,axis_v05,78.0332
independent,axis_v05,7.5109
independent,axis_v05,15.7568
independent,axis_v05,8.9263
independent,axis_v05,11.2987
independent,axis_v05,6.1199
independent,axis_v05,38.4103
independent,axis_v05,84.2675
independent,axis_v05,4.1375
independent,axis_v05,2.7196
independent,axis_v05,6.8016
independent,axis_v05,5.3276
independent,axis_v05,13.5366
independent,axis_v05,19.0016
independent,axis_v05,5.2729
independent,axis_v05,0.8466
independent,axis_v05,80.902
independent,axis_v05,89.3711
independent,axis_v05,1.9994
independent,axis_v05,5.5085
independent,axis_v05,4.5854
independent,axis_v05,8.9973
independent,axis_v05,3.9005
independent,axis_v05,79.3932
independent,axis_v05,85.1859
independent,axis_v05,90.0
independent,axis_v05,89.6674
independent,axis_v05,80.4039
independent,axis_v05,7.2195
independent,axis_v05,77.35
independent,axis_v05,19.9162
independent,axis_v05,11.2106
independent,axis_v05,10.968
independent,axis_v05,88.7657
independent,axis_v05,84.6449
independent,axis_v05,16.3618
independent,axis_v05,21.437
independent,axis_v05,75.8869
independent,axis_v05,64.51
independent,axis_v05,4.2514
independent,axis_v05,70.329
independent,axis_v05,76.9567
independent,axis_v05,3.3934
independent,axis_v05,62.4409
independent,axis_v05,76.1535
independent,axis_v05,8.1841
independent,axis_v05,84.6603
independent,axis_v05,17.0547
independent,axis_v05,86.3475
independent,axis_v05,51.1749
independent,axis_v05,4.1354
independent,axis_v05,0.4202
independent,axis_v05,12.2151
independent,axis_v05,3.2477
independent,axis_v05,6.5812
independent,axis_v05,63.2548
independent,axis_v05,8.5442
independent,axis_v05,10.6342
independent,axis_v05,67.318
independent,axis_v05,89.7737
independent,axis_v05,20.7447
independent,axis_v05,82.7542
independent,axis_v05,88.637
independent,axis_v05,6.7508
independent,axis_v05,26.4331
independent,axis_v05,89.9991
independent,axis_v05,86.2434
independent,axis_v05,76.2489
independent,axis_v05,7.6491
independent,axis_v05,85.0144
independent,axis_v05,82.4125
independent,axis_v05,8.0331
independent,axis_v05,88.879
independent,axis_v05,84.7658
independent,axis_v05,20.5791
independent,axis_v05,11.9065
independent,axis_v05,10.3679
independent,axis_v05,88.5212
independent,axis_v05,17.1624
independent,axis_v05,22.0009
independent,axis_v05,86.5718
independent,axis_v05,87.4058
independent,axis_v05,5.9921
independent,axis_v05,72.4291
independent,axis_v05,1.3362
independent,axis_v05,66.4616
independent,axis_v05,84.0393
independent,axis_v05,4.8871
independent,axis_v05,79.5963
independent,axis_v05,89.4729
independent,axis_v05,60.085
independent,axis_v05,88.2626
independent,axis_v05,4.7086
independent,axis_v05,14.2735
independent,axis_v05,10.6441
independent,axis_v05,14.3153
independent,axis_v05,89.6978
independent,axis_v05,2.4508
independent,axis_v05,89.8642
independent,axis_v05,39.7782
independent,axis_v05,5.0641
independent,axis_v05,66.0832
independent,axis_v05,10.993
independent,axis_v05,4.8246
independent,axis_v05,12.4046
independent,axis_v05,5.1916
independent,axis_v05,4.5805
independent,axis_v05,8.1797
independent,axis_v05,2.4417
independent,axis_v05,1.8278
independent,axis_v05,89.6629
independent,axis_v05,8.071
independent,axis_v05,11.8488
independent,axis_v05,22.2264
independent,axis_v05,87.0892
independent,axis_v05,82.1773
independent,axis_v05,5.9862
independent,axis_v05,16.528
independent,axis_v05,79.9355
independent,axis_v05,70.8627
independent,axis_v05,86.543
independent,axis_v05,5.2946
independent,axis_v05,87.2411
independent,axis_v05,7.7168
independent,axis_v05,70.2276
independent,axis_v05,88.5173
independent,axis_v05,89.2292
independent,axis_v05,10.6611
independent,axis_v05,1.6241
independent,axis_v05,57.4613
independent,axis_v05,8.714
independent,axis_v05,90.0
independent,axis_v05,70.6358
independent,axis_v05,6.1787
independent,axis_v05,89.7448
independent,axis_v05,89.3197
independent,axis_v05,73.0281
independent,axis_v05,3.2636
independent,axis_v05,13.9047
independent,axis_v05,3.5236
independent,axis_v05,80.3873
independent,axis_v05,51.0285
independent,axis_v05,10.7538
independent,axis_v05,85.0204
independent,axis_v05,25.0801
independent,axis_v05,63.7028
independent,axis_v05,87.8561
independent,axis_v05,3.9702
independent,axis_v05,62.4598
independent,axis_v05,16.0718
independent,axis_v05,8.1434
independent,axis_v05,86.0585
independent,axis_v05,11.3582
independent,axis_v05,9.351
independent,axis_v05,79.55
independent,axis_v05,89.496
independent,axis_v05,5.0681
independent,axis_v05,83.3712
independent,axis_v05,7.753
independent,axis_v05,4.2055
independent,axis_v05,83.7462
independent,axis_v05,4.2553
independent,axis_v05,13.9152
independent,axis_v05,5.0482
independent,axis_v05,84.2386
independent,axis_v05,8.1305
independent,axis_v05,21.1609
independent,axis_v05,59.529
independent,axis_v05,4.1362
independent,axis_v05,24.23
independent,axis_v05,86.6849
independent,axis_v05,72.182
independent,axis_v05,23.5812
independent,axis_v05,8.6818
independent,axis_v05,10.3131
independent,axis_v05,0.9225
independent,axis_v05,9.7348
independent,axis_v05,88.2558
independent,axis_v05,67.1667
independent,axis_v05,2.3614
independent,axis_v05,81.1396
independent,axis_v05,89.7866
independent,axis_v05,87.8001
independent,axis_v05,44.2714
independent,axis_v05,1.1719
independent,axis_v05,5.6812
independent,axis_v05,73.9409
independent,axis_v05,4.5505
independent,axis_v05,7.2611
independent,axis_v05,31.3723
independent,axis_v05,75.143
independent,axis_v05,5.8372
independent,axis_v05,85.7321
independent,axis_v05,87.6299
independent,axis_v05,13.8047
independent,axis_v05,4.0027
independent,axis_v05,0.874
independent,axis_v05,88.2785
independent,axis_v05,8.9444
independent,axis_v05,73.4385
independent,axis_v05,77.659
independent,axis_v05,12.4378
independent,axis_v05,60.4722
independent,axis_v05,87.6581
independent,axis_v05,8.2486
independent,axis_v05,77.0612
independent,axis_v05,83.9131
independent,axis_v05,68.8085
independent,axis_v05,89.6385
independent,axis_v05,90.0
independent,axis_v05,63.3511
independent,axis_v05,3.6939
independent,axis_v05,5.0056
independent,axis_v05,89.5854
independent,axis_v05,2.5695
independent,axis_v05,1.9725
independent,axis_v05,89.9441
independent,axis_v05,6.6072
independent,axis_v05,87.7769
independent,axis_v05,20.3706
independent,axis_v05,10.9814
independent,axis_v05,7.4643
independent,axis_v05,10.0816
independent,axis_v05,51.1279
independent,axis_v05,20.4513
independent,axis_v05,18.4656
independent,axis_v05,24.915
independent,axis_v05,87.024
independent,axis_v05,84.8565
independent,axis_v05,84.6896
independent,axis_v05,1.0779
independent,axis_v05,2.8402
independent,axis_v05,8.0205
independent,axis_v05,40.3067
independent,axis_v05,32.2728
independent,axis_v05,84.0448
independent,axis_v05,88.4374
independent,axis_v05,82.2827
independent,axis_v05,84.6619
independent,axis_v05,5.8021
independent,axis_v05,10.3966
independent,axis_v05,8.3417
independent,axis_v05,79.0473
independent,axis_v05,6.3553
independent,axis_v05,50.192
independent,axis_v05,35.3701
independent,axis_v05,8.3844
independent,axis_v05,89.1158
independent,axis_v05,21.4123
independent,axis_v05,2.1955
independent,axis_v05,49.5989
independent,axis_v05,8.7946
independent,axis_v05,73.3158
independent,axis_v05,4.0085
independent,axis_v05,19.2875
independent,axis_v05,4.2223
independent,axis_v05,27.1866
independent,axis_v05,5.8427
independent,axis_v05,7.9664
independent,axis_v05,71.4524
independent,axis_v05,7.3162
independent,axis_v05,87.0363
independent,axis_v05,2.2216
independent,axis_v05,43.0407
independent,axis_v05,3.1719
independent,axis_v05,3.6603
independent,axis_v05,87.7077
independent,axis_v05,60.2639
independent,axis_v05,21.1883
independent,axis_v05,74.5888
independent,axis_v05,76.4153
independent,axis_v05,78.6573
independent,axis_v05,79.1582
independent,axis_v05,84.2517
independent,axis_v05,83.4545
independent,axis_v05,83.1936
independent,axis_v05,89.5658
independent,axis_v05,31.8683
independent,axis_v05,4.0701
independent,axis_v05,1.6513
independent,axis_v05,68.4459
independent,axis_v05,40.9211
independent,axis_v05,23.7447
independent,axis_v05,35.5871
independent,axis_v05,11.2086
independent,axis_v05,86.5649
independent,axis_v05,4.4959
independent,axis_v05,8.4257
independent,axis_v05,62.1938
independent,axis_v05,16.0038
independent,axis_v05,8.0664
independent,axis_v05,5.4674
independent,axis_v05,55.2557
independent,axis_v05,15.6116
independent,axis_v05,86.8125
independent,axis_v05,9.9319
independent,axis_v05,16.0419
independent,axis_v05,8.6702
independent,axis_v05,68.2763
independent,axis_v05,4.9916
independent,axis_v05,84.0593
independent,axis_v05,2.3625
independent,axis_v05,18.2945
independent,axis_v05,5.2216
independent,axis_v05,79.6014
independent,axis_v05,31.6197
independent,axis_v05,5.2394
independent,axis_v05,83.8447
independent,axis_v05,85.7663
independent,axis_v05,87.9108
independent,axis_v05,80.8869
independent,axis_v05,75.9357
independent,axis_v05,86.783
independent,axis_v05,15.843
independent,axis_v05,66.2115
independent,axis_v05,12.8902
independent,axis_v05,5.5514
independent,axis_v05,9.2065
independent,axis_v05,3.9951
independent,axis_v05,57.6985
independent,axis_v05,47.5996
independent,axis_v05,5.5506
independent,axis_v05,35.9385
independent,axis_v05,88.4079
independent,axis_v05,89.3163
independent,axis_v05,88.9243
independent,axis_v05,89.5532
independent,axis_v05,89.77
independent,axis_v05,4.2726
independent,axis_v05,80.848
independent,axis_v05,8.8589
independent,axis_v05,1.0466
independent,axis_v05,83.6685
independent,axis_v05,88.507
independent,axis_v05,12.9279
independent,axis_v05,7.9615
independent,axis_v05,10.515
independent,axis_v05,88.1839
independent,axis_v05,89.188
independent,axis_v05,4.3498
independent,axis_v05,21.552
independent,axis_v05,9.076
independent,axis_v05,85.3552
independent,axis_v05,89.9999
independent,axis_v05,10.4343
independent,axis_v05,87.2401
independent,axis_v05,9.6375
independent,axis_v05,4.6265
independent,axis_v05,30.6697
independent,axis_v05,8.5832
independent,axis_v05,25.1927
independent,axis_v05,4.7844
independent,axis_v05,88.9697
independent,axis_v05,3.1721
independent,axis_v05,79.1499
independent,axis_v05,22.6254
independent,axis_v05,82.42
independent,axis_v05,87.4685
independent,axis_v05,13.4664
independent,axis_v05,7.0419
independent,axis_v05,80.4979
independent,axis_v05,89.9698
independent,axis_v05,15.5545
independent,axis_v05,25.4722
independent,axis_v05,9.6909
independent,axis_v05,83.8792
independent,axis_v05,70.6051
independent,axis_v05,6.2805
independent,axis_v05,89.3435
independent,axis_v05,76.5525
independent,axis_v05,83.9444
independent,axis_v05,88.2321
independent,axis_v05,24.5405
independent,axis_v05,7.9277
independent,axis_v05,4.6118
independent,axis_v05,14.3883
independent,axis_v05,61.317
independent,axis_v05,87.6904
independent,axis_v05,62.349
independent,axis_v05,9.7151
independent,axis_v05,88.9325
independent,axis_v05,85.7128
independent,axis_v05,16.4259
independent,axis_v05,79.8171
independent,axis_v05,3.8538
independent,axis_v05,42.8418
independent,axis_v05,88.4487
independent,axis_v05,89.709
independent,axis_v05,1.4039
independent,axis_v05,8.2929
independent,axis_v05,5.4156
independent,axis_v05,89.5471
independent,axis_v05,31.7915
independent,axis_v05,85.5419
independent,axis_v05,79.1582
independent,axis_v05,2.1574
independent,axis_v05,5.6324
independent,axis_v05,4.9743
independent,axis_v05,24.7835
independent,axis_v05,54.4559
independent,axis_v05,19.0641
independent,axis_v05,5.6892
independent,axis_v05,88.096
independent,axis_v05,83.4739
independent,axis_v05,12.7221
independent,axis_v05,71.5797
independent,axis_v05,15.8475
independent,axis_v05,7.7609
independent,axis_v05,1.034
independent,axis_v05,4.9805
independent,axis_v05,87.5622
independent,axis_v05,35.3591
independent,axis_v05,28.5556
independent,axis_v05,8.0664
independent,axis_v05,87.6475
independent,axis_v05,25.1267
independent,axis_v05,2.8581
independent,axis_v05,74.7685
independent,axis_v05,89.3708
independent,axis_v05,8.104
independent,axis_v05,78.4175
independent,axis_v05,23.3437
independent,axis_v05,7.9694
independent,axis_v05,18.8865
independent,axis_v05,82.6629
independent,axis_v05,8.1373
independent,axis_v05,48.8989
independent,axis_v05,89.9418
independent,axis_v05,30.292
independent,axis_v05,18.6593
independent,axis_v05,86.1256
independent,axis_v05,89.9999
independent,axis_v05,85.8212
independent,axis_v05,82.7515
independent,axis_v05,9.6949
independent,axis_v05,78.6867
independent,axis_v05,8.7559
independent,axis_v05,33.7212
independent,axis_v05,6.4267
independent,axis_v05,6.559
independent,axis_v05,87.4314
independent,axis_v05,22.6615
independent,axis_v05,88.924
independent,axis_v05,5.9828
independent,axis_v05,77.0569
independent,axis_v05,18.3467
independent,axis_v05,78.8166
independent,axis_v05,87.6386
independent,axis_v05,87.3673
independent,axis_v05,23.3948
independent,axis_v05,20.6948
independent,axis_v05,13.4719
independent,axis_v05,20.9096
independent,axis_v05,22.4742
independent,axis_v05,1.7317
independent,axis_v05,72.4428
independent,axis_v05,88.9077
independent,axis_v05,89.767
independent,axis_v05,1.7537
independent,axis_v05,0.4238
independent,axis_v05,84.7073
independent,axis_v05,87.2387
independent,axis_v05,12.3137
independent,axis_v05,80.1233
independent,axis_v05,87.8983
independent,axis_v05,82.5374
independent,axis_v05,83.874
independent,axis_v05,69.0703
independent,axis_v05,22.3108
independent,axis_v05,4.3345
independent,axis_v05,75.8142
independent,axis_v05,4.9924
independent,axis_v05,20.9248
independent,axis_v05,7.0287
independent,axis_v05,6.494
independent,axis_v05,8.6768
independent,axis_v05,57.4309
independent,axis_v05,37.1949
independent,axis_v05,88.8372
independent,axis_v05,87.6962
independent,axis_v05,85.5572
independent,axis_v05,13.0937
independent,axis_v05,64.9854
independent,axis_v05,34.9607
independent,axis_v05,9.0084
independent,axis_v05,5.6321
independent,axis_v05,88.2825
independent,axis_v05,44.3303
independent,axis_v05,75.6363
independent,axis_v05,4.511
independent,axis_v05,72.7942
independent,axis_v05,83.3978
independent,axis_v05,86.215
independent,axis_v05,9.1758
independent,axis_v05,75.5619
independent,axis_v05,27.6659
independent,axis_v05,14.1344
independent,axis_v05,7.2406
independent,axis_v05,5.0896
independent,axis_v05,8.5475
independent,axis_v05,86.3491
independent,axis_v05,54.0666
independent,axis_v05,33.3694
independent,axis_v05,22.965
independent,axis_v05,4.7114
independent,axis_v05,9.8094
independent,axis_v05,5.9138
independent,axis_v05,60.5414
independent,axis_v05,62.2308
independent,axis_v05,19.0603
independent,axis_v05,81.089
independent,axis_v05,18.9427
independent,axis_v05,11.6071
independent,axis_v05,85.7303
independent,axis_v05,9.9384
independent,axis_v05,10.3731
independent,axis_v05,40.9128
independent,axis_v05,5.9007
independent,axis_v05,5.81
independent,axis_v05,88.4341
independent,axis_v05,8.7511
independent,axis_v05,85.6255
independent,axis_v05,86.8498
independent,axis_v05,85.26
independent,axis_v05,4.6457
independent,axis_v05,87.1634
independent,axis_v05,6.9743
independent,axis_v05,12.3519
independent,axis_v05,9.6734
independent,axis_v05,4.4938
independent,axis_v05,12.8212
independent,axis_v05,48.9528
independent,axis_v05,86.6458
independent,axis_v05,7.2418
independent,axis_v05,88.8678
independent,axis_v05,89.9999
independent,axis_v05,30.1905
independent,axis_v05,30.9235
independent,axis_v05,89.2404
independent,axis_v05,2.1093
independent,axis_v05,75.3117
independent,axis_v05,86.5916
independent,axis_v05,84.2236
independent,axis_v05,29.8445
independent,axis_v05,12.3156
independent,axis_v05,71.1854
independent,axis_v05,83.7167
independent,axis_v05,1.2261
independent,axis_v05,1.3181
independent,axis_v05,85.8009
independent,axis_v05,1.3893
independent,axis_v05,9.0419
independent,axis_v05,81.1333
independent,axis_v05,89.8233
independent,axis_v05,22.9143
independent,axis_v05,4.3082
independent,axis_v05,60.4176
independent,axis_v05,71.4113
independent,axis_v05,6.0215
independent,axis_v05,5.4254
independent,axis_v05,83.4771
independent,axis_v05,7.0157
independent,axis_v05,9.4531
independent,axis_v05,6.292
independent,axis_v05,77.0121
independent,axis_v05,64.3088
independent,axis_v05,14.2873
independent,axis_v05,2.5172
independent,axis_v05,63.8732
independent,axis_v05,50.3383
independent,axis_v05,4.8479
independent,axis_v05,71.7285
independent,axis_v05,14.6016
independent,axis_v05,88.2065
independent,axis_v05,89.0911
independent,axis_v05,88.5409
independent,axis_v05,89.1512
independent,axis_v05,4.6872
independent,axis_v05,36.2419
independent,axis_v05,89.3097
independent,axis_v05,88.5162
independent,axis_v05,31.1223
independent,axis_v05,4.2434
independent,axis_v05,2.9096
independent,axis_v05,79.1777
independent,axis_v05,81.8651
independent,axis_v05,70.4865
independent,axis_v05,32.5322
independent,axis_v05,73.3009
independent,axis_v05,8.871
independent,axis_v05,7.074
independent,axis_v05,81.1456
independent,axis_v05,5.1207
independent,axis_v05,11.2117
independent,axis_v05,5.0646
independent,axis_v05,84.0258
independent,axis_v05,9.8233
independent,axis_v05,86.8668
independent,axis_v05,2.5665
independent,axis_v05,78.3967
independent,axis_v05,8.6686
independent,axis_v05,70.5238
independent,axis_v05,79.9617
independent,axis_v05,6.767
independent,axis_v05,11.9416
independent,axis_v05,38.2453
independent,axis_v05,9.3459
independent,axis_v05,2.9574
independent,axis_v05,89.0417
independent,axis_v05,6.8406
independent,axis_v05,88.0755
independent,axis_v05,19.8392
independent,axis_v05,87.4654
independent,axis_v05,6.2064
independent,axis_v05,84.733
independent,axis_v05,83.9128
independent,axis_v05,88.5948
independent,axis_v05,86.6218
independent,axis_v05,1.6592
independent,axis_v05,76.9223
independent,axis_v05,2.7191
independent,axis_v05,41.2338
independent,axis_v05,4.4832
independent,axis_v05,76.2414
independent,axis_v05,89.8017
midpoint,axis_v01,44.5583
midpoint,axis_v01,74.3476
midpoint,axis_v01,14.6463
midpoint,axis_v01,15.1478
midpoint,axis_v01,66.9868
midpoint,axis_v01,17.6461
midpoint,axis_v01,72.4108
midpoint,axis_v01,8.8421
midpoint,axis_v01,84.0368
midpoint,axis_v01,24.2898
midpoint,axis_v01,9.8011
midpoint,axis_v01,68.9346
midpoint,axis_v01,26.5163
midpoint,axis_v01,73.7108
midpoint,axis_v01,82.6921
midpoint,axis_v01,25.9371
midpoint,axis_v01,88.8622
midpoint,axis_v01,78.4068
midpoint,axis_v01,79.7511
midpoint,axis_v01,6.1189
midpoint,axis_v01,22.0351
midpoint,axis_v01,71.3176
midpoint,axis_v01,78.2059
midpoint,axis_v01,31.1488
midpoint,axis_v01,3.6802
midpoint,axis_v01,67.2796
midpoint,axis_v01,14.7312
midpoint,axis_v01,8.1819
midpoint,axis_v01,64.0015
midpoint,axis_v01,80.4312
midpoint,axis_v01,79.4596
midpoint,axis_v01,2.3701
midpoint,axis_v01,27.4631
midpoint,axis_v01,18.0651
midpoint,axis_v01,8.9572
midpoint,axis_v01,88.3077
midpoint,axis_v01,66.5682
midpoint,axis_v01,75.5159
midpoint,axis_v01,81.0438
midpoint,axis_v01,6.917
midpoint,axis_v01,11.0152
midpoint,axis_v01,58.0364
midpoint,axis_v01,11.299
midpoint,axis_v01,4.8302
midpoint,axis_v01,86.4988
midpoint,axis_v01,25.2443
midpoint,axis_v01,57.6064
midpoint,axis_v01,86.9303
midpoint,axis_v01,57.2994
midpoint,axis_v01,19.5849
midpoint,axis_v01,45.954
midpoint,axis_v01,6.5979
midpoint,axis_v01,48.853
midpoint,axis_v01,53.9277
midpoint,axis_v01,89.209
midpoint,axis_v01,6.6002
midpoint,axis_v01,86.3948
midpoint,axis_v01,76.9641
midpoint,axis_v01,47.8741
midpoint,axis_v01,12.7192
midpoint,axis_v01,18.4406
midpoint,axis_v01,12.5582
midpoint,axis_v01,14.833
midpoint,axis_v01,7.9975
midpoint,axis_v01,61.0434
midpoint,axis_v01,83.845
midpoint,axis_v01,7.4877
midpoint,axis_v01,73.7532
midpoint,axis_v01,51.3879
midpoint,axis_v01,83.0418
midpoint,axis_v01,85.8483
midpoint,axis_v01,87.3981
midpoint,axis_v01,20.9749
midpoint,axis_v01,89.7207
midpoint,axis_v01,83.7477
midpoint,axis_v01,73.336
midpoint,axis_v01,25.027
midpoint,axis_v01,65.3778
midpoint,axis_v01,88.8121
midpoint,axis_v01,63.8051
midpoint,axis_v01,88.6624
midpoint,axis_v01,86.6317
midpoint,axis_v01,85.7955
midpoint,axis_v01,85.024
midpoint,axis_v01,56.9417
midpoint,axis_v01,7.318
midpoint,axis_v01,67.3615
midpoint,axis_v01,39.9916
midpoint,axis_v01,86.1501
midpoint,axis_v01,67.0252
midpoint,axis_v01,76.9563
midpoint,axis_v01,19.0337
midpoint,axis_v01,34.2963
midpoint,axis_v01,9.9953
midpoint,axis_v01,82.5439
midpoint,axis_v01,7.1999
midpoint,axis_v01,89.9514
midpoint,axis_v01,80.6839
midpoint,axis_v01,19.0281
midpoint,axis_v01,87.4809
midpoint,axis_v01,48.5192
midpoint,axis_v01,4.3161
midpoint,axis_v01,3.2911
midpoint,axis_v01,65.5018
midpoint,axis_v01,77.2579
midpoint,axis_v01,19.4071
midpoint,axis_v01,87.5058
midpoint,axis_v01,57.7686
midpoint,axis_v01,6.3346
midpoint,axis_v01,10.202
midpoint,axis_v01,1.8593
midpoint,axis_v01,25.199
midpoint,axis_v01,52.1767
midpoint,axis_v01,84.0114
midpoint,axis_v01,73.5554
midpoint,axis_v01,87.2263
midpoint,axis_v01,75.1777
midpoint,axis_v01,9.6796
midpoint,axis_v01,26.2217
midpoint,axis_v01,81.157
midpoint,axis_v01,80.4116
midpoint,axis_v01,32.6587
midpoint,axis_v01,30.4184
midpoint,axis_v01,85.9315
midpoint,axis_v01,86.0287
midpoint,axis_v01,81.6838
midpoint,axis_v01,25.5422
midpoint,axis_v01,71.4944
midpoint,axis_v01,6.2364
midpoint,axis_v01,59.8845
midpoint,axis_v01,21.9688
midpoint,axis_v01,89.9996
midpoint,axis_v01,42.2576
midpoint,axis_v01,7.5413
midpoint,axis_v01,84.5865
midpoint,axis_v01,5.3884
midpoint,axis_v01,89.1714
midpoint,axis_v01,15.7945
midpoint,axis_v01,0.6543
midpoint,axis_v01,51.7618
midpoint,axis_v01,70.298
midpoint,axis_v01,88.3667
midpoint,axis_v01,78.3718
midpoint,axis_v01,28.7893
midpoint,axis_v01,90.0
midpoint,axis_v01,64.78
midpoint,axis_v01,58.2545
midpoint,axis_v01,89.3672
midpoint,axis_v01,30.0072
midpoint,axis_v01,49.9227
midpoint,axis_v01,85.7735
midpoint,axis_v01,6.0024
midpoint,axis_v01,61.4297
midpoint,axis_v01,51.8094
midpoint,axis_v01,9.6824
midpoint,axis_v01,88.2934
midpoint,axis_v01,5.1921
midpoint,axis_v01,8.793
midpoint,axis_v01,71.9808
midpoint,axis_v01,12.5983
midpoint,axis_v01,26.5794
midpoint,axis_v01,81.8354
midpoint,axis_v01,74.522
midpoint,axis_v01,87.3598
midpoint,axis_v01,81.7864
midpoint,axis_v01,5.9947
midpoint,axis_v01,27.6934
midpoint,axis_v01,2.9893
midpoint,axis_v01,89.4604
midpoint,axis_v01,61.3556
midpoint,axis_v01,75.2198
midpoint,axis_v01,49.1779
midpoint,axis_v01,5.8217
midpoint,axis_v01,24.6503
midpoint,axis_v01,38.9197
midpoint,axis_v01,4.4127
midpoint,axis_v01,62.7335
midpoint,axis_v01,82.3572
midpoint,axis_v01,51.213
midpoint,axis_v01,30.3694
midpoint,axis_v01,63.5125
midpoint,axis_v01,87.0278
midpoint,axis_v01,18.5656
midpoint,axis_v01,7.5997
midpoint,axis_v01,79.7213
midpoint,axis_v01,46.0138
midpoint,axis_v01,6.0398
midpoint,axis_v01,22.6488
midpoint,axis_v01,10.5521
midpoint,axis_v01,80.1886
midpoint,axis_v01,6.8554
midpoint,axis_v01,4.5122
midpoint,axis_v01,54.4597
midpoint,axis_v01,83.1474
midpoint,axis_v01,13.5526
midpoint,axis_v01,81.6089
midpoint,axis_v01,77.0864
midpoint,axis_v01,82.0986
midpoint,axis_v01,89.4974
midpoint,axis_v01,21.5471
midpoint,axis_v01,89.0866
midpoint,axis_v01,46.2734
midpoint,axis_v01,81.9975
midpoint,axis_v01,77.0453
midpoint,axis_v01,85.6789
midpoint,axis_v01,8.1424
midpoint,axis_v01,82.6318
midpoint,axis_v01,3.313
midpoint,axis_v01,79.682
midpoint,axis_v01,80.6272
midpoint,axis_v01,84.0868
midpoint,axis_v01,46.2268
midpoint,axis_v01,74.468
midpoint,axis_v01,87.5942
midpoint,axis_v01,73.6833
midpoint,axis_v01,39.7734
midpoint,axis_v01,68.8356
midpoint,axis_v01,84.9097
midpoint,axis_v01,35.7138
midpoint,axis_v01,49.1937
midpoint,axis_v01,89.5361
midpoint,axis_v01,78.4455
midpoint,axis_v01,80.9043
midpoint,axis_v01,20.6423
midpoint,axis_v01,24.8505
midpoint,axis_v01,23.5995
midpoint,axis_v01,78.048
midpoint,axis_v01,87.8292
midpoint,axis_v01,78.5511
midpoint,axis_v01,88.7143
midpoint,axis_v01,72.9868
midpoint,axis_v01,22.8714
midpoint,axis_v01,82.0629
midpoint,axis_v01,7.0191
midpoint,axis_v01,82.5832
midpoint,axis_v01,12.9724
midpoint,axis_v01,79.0771
midpoint,axis_v01,7.4275
midpoint,axis_v01,3.8421
midpoint,axis_v01,44.8564
midpoint,axis_v01,3.0958
midpoint,axis_v01,3.7822
midpoint,axis_v01,3.9588
midpoint,axis_v01,82.8324
midpoint,axis_v01,85.0506
midpoint,axis_v01,9.0998
midpoint,axis_v01,23.3774
midpoint,axis_v01,2.683
midpoint,axis_v01,8.1371
midpoint,axis_v01,59.1409
midpoint,axis_v01,89.1537
midpoint,axis_v01,81.2944
midpoint,axis_v01,81.3588
midpoint,axis_v01,76.0741
midpoint,axis_v01,78.4214
midpoint,axis_v01,70.7098
midpoint,axis_v01,89.9742
midpoint,axis_v01,86.2592
midpoint,axis_v01,33.9284
midpoint,axis_v01,68.3557
midpoint,axis_v01,12.0087
midpoint,axis_v01,22.8547
midpoint,axis_v01,16.1384
midpoint,axis_v01,1.2237
midpoint,axis_v01,27.0235
midpoint,axis_v01,2.6004
midpoint,axis_v01,8.8428
midpoint,axis_v01,8.6156
midpoint,axis_v01,51.9408
midpoint,axis_v01,89.5291
midpoint,axis_v01,71.3522
midpoint,axis_v01,22.7431
midpoint,axis_v01,88.9916
midpoint,axis_v01,89.9209
midpoint,axis_v01,74.7399
midpoint,axis_v01,19.2517
midpoint,axis_v01,89.5968
midpoint,axis_v01,25.4218
midpoint,axis_v01,55.0647
midpoint,axis_v01,89.9568
midpoint,axis_v01,89.7314
midpoint,axis_v01,69.8627
midpoint,axis_v01,10.9317
midpoint,axis_v01,75.5897
midpoint,axis_v01,6.4554
midpoint,axis_v01,55.6683
midpoint,axis_v01,89.6725
midpoint,axis_v01,19.4965
midpoint,axis_v01,3.6472
midpoint,axis_v01,85.3191
midpoint,axis_v01,14.017
midpoint,axis_v01,8.2571
midpoint,axis_v01,51.2667
midpoint,axis_v01,27.5418
midpoint,axis_v01,69.3084
midpoint,axis_v01,7.1175
midpoint,axis_v01,85.5625
midpoint,axis_v01,27.1191
midpoint,axis_v01,82.2304
midpoint,axis_v01,83.1385
midpoint,axis_v01,56.171
midpoint,axis_v01,3.2839
midpoint,axis_v01,24.4617
midpoint,axis_v01,81.3585
midpoint,axis_v01,42.6716
midpoint,axis_v01,8.8424
midpoint,axis_v01,67.8468
midpoint,axis_v01,63.374
midpoint,axis_v01,88.341
midpoint,axis_v01,88.6409
midpoint,axis_v01,89.6134
midpoint,axis_v01,8.8549
midpoint,axis_v01,88.9906
midpoint,axis_v01,81.557
midpoint,axis_v01,60.9959
midpoint,axis_v01,56.6939
midpoint,axis_v01,23.1357
midpoint,axis_v01,40.7471
midpoint,axis_v01,80.448
midpoint,axis_v01,44.8778
midpoint,axis_v01,51.1595
midpoint,axis_v01,3.1269
midpoint,axis_v01,10.1145
midpoint,axis_v01,4.9238
midpoint,axis_v01,15.9923
midpoint,axis_v01,39.0731
midpoint,axis_v01,83.3937
midpoint,axis_v01,49.9797
midpoint,axis_v01,70.7521
midpoint,axis_v01,88.7689
midpoint,axis_v01,21.3784
midpoint,axis_v01,86.2875
midpoint,axis_v01,37.8019
midpoint,axis_v01,77.568
midpoint,axis_v01,9.5554
midpoint,axis_v01,31.5697
midpoint,axis_v01,6.0562
midpoint,axis_v01,14.3891
midpoint,axis_v01,75.6066
midpoint,axis_v01,89.6454
midpoint,axis_v01,4.9105
midpoint,axis_v01,11.3711
midpoint,axis_v01,6.1614
midpoint,axis_v01,67.9403
midpoint,axis_v01,29.996
midpoint,axis_v01,76.5672
midpoint,axis_v01,4.4836
midpoint,axis_v01,73.5989
midpoint,axis_v01,37.7305
midpoint,axis_v01,12.2016
midpoint,axis_v01,38.3081
midpoint,axis_v01,84.6091
midpoint,axis_v01,10.0508
midpoint,axis_v01,55.3271
midpoint,axis_v01,6.1117
midpoint,axis_v01,88.4497
midpoint,axis_v01,88.2701
midpoint,axis_v01,3.3778
midpoint,axis_v01,14.448
midpoint,axis_v01,2.3844
midpoint,axis_v01,54.6961
midpoint,axis_v01,3.9292
midpoint,axis_v01,12.5042
midpoint,axis_v01,88.8601
midpoint,axis_v01,12.7887
midpoint,axis_v01,5.1429
midpoint,axis_v01,18.5391
midpoint,axis_v01,10.7329
midpoint,axis_v01,19.8687
midpoint,axis_v01,65.3034
midpoint,axis_v01,7.3111
midpoint,axis_v01,87.9
midpoint,axis_v01,11.4324
midpoint,axis_v01,16.7808
midpoint,axis_v01,16.7542
midpoint,axis_v01,66.1685
midpoint,axis_v01,77.0474
midpoint,axis_v01,77.6978
midpoint,axis_v01,62.227
midpoint,axis_v01,72.4548
midpoint,axis_v01,61.2228
midpoint,axis_v01,12.6441
midpoint,axis_v01,82.591
midpoint,axis_v01,39.6306
midpoint,axis_v01,36.7091
midpoint,axis_v01,12.1001
midpoint,axis_v01,33.4326
midpoint,axis_v01,49.4753
midpoint,axis_v01,67.8417
midpoint,axis_v01,37.8836
midpoint,axis_v01,83.2812
midpoint,axis_v01,82.5417
midpoint,axis_v01,8.3156
midpoint,axis_v01,85.9995
midpoint,axis_v01,70.8111
midpoint,axis_v01,78.5659
midpoint,axis_v01,79.006
midpoint,axis_v01,66.5627
midpoint,axis_v01,13.3758
midpoint,axis_v01,68.525
midpoint,axis_v01,16.8189
midpoint,axis_v01,87.2541
midpoint,axis_v01,27.671
midpoint,axis_v01,26.5137
midpoint,axis_v01,52.2457
midpoint,axis_v01,78.3903
midpoint,axis_v01,60.1539
midpoint,axis_v01,23.6198
midpoint,axis_v01,16.8467
midpoint,axis_v01,66.5846
midpoint,axis_v01,4.2231
midpoint,axis_v01,49.3089
midpoint,axis_v01,6.7069
midpoint,axis_v01,30.0852
midpoint,axis_v01,89.1062
midpoint,axis_v01,89.2367
midpoint,axis_v01,4.4689
midpoint,axis_v01,24.4547
midpoint,axis_v01,72.147
midpoint,axis_v01,37.5862
midpoint,axis_v01,13.8776
midpoint,axis_v01,11.6866
midpoint,axis_v01,20.5561
midpoint,axis_v01,85.3025
midpoint,axis_v01,82.8944
midpoint,axis_v01,49.8727
midpoint,axis_v01,77.5669
midpoint,axis_v01,9.6734
midpoint,axis_v01,49.6701
midpoint,axis_v01,70.432
midpoint,axis_v01,10.2205
midpoint,axis_v01,21.8687
midpoint,axis_v01,33.3471
midpoint,axis_v01,3.8034
midpoint,axis_v01,43.81
midpoint,axis_v01,89.688
midpoint,axis_v01,50.5632
midpoint,axis_v01,89.9998
midpoint,axis_v01,33.2271
midpoint,axis_v01,26.7767
midpoint,axis_v01,44.3414
midpoint,axis_v01,81.7628
midpoint,axis_v01,43.4483
midpoint,axis_v01,86.1921
midpoint,axis_v01,37.8994
midpoint,axis_v01,51.556
midpoint,axis_v01,39.1847
midpoint,axis_v01,58.3056
midpoint,axis_v01,12.3696
midpoint,axis_v01,29.5351
midpoint,axis_v01,32.3188
midpoint,axis_v01,48.5187
midpoint,axis_v01,81.2833
midpoint,axis_v01,38.4169
midpoint,axis_v01,18.8517
midpoint,axis_v01,46.154
midpoint,axis_v01,52.7288
midpoint,axis_v01,2.3455
midpoint,axis_v01,85.0809
midpoint,axis_v01,84.8159
midpoint,axis_v01,7.7635
midpoint,axis_v01,81.4625
midpoint,axis_v01,46.1166
midpoint,axis_v01,4.7111
midpoint,axis_v01,31.3926
midpoint,axis_v01,8.6714
midpoint,axis_v01,81.966
midpoint,axis_v01,23.5739
midpoint,axis_v01,81.5325
midpoint,axis_v01,37.8008
midpoint,axis_v01,39.8927
midpoint,axis_v01,23.9118
midpoint,axis_v01,71.2056
midpoint,axis_v01,23.4361
midpoint,axis_v01,12.2192
midpoint,axis_v01,84.7712
midpoint,axis_v01,66.3748
midpoint,axis_v01,61.1457
midpoint,axis_v01,63.7659
midpoint,axis_v01,14.5574
midpoint,axis_v01,13.7933
midpoint,axis_v01,8.1335
midpoint,axis_v01,27.6425
midpoint,axis_v01,38.3268
midpoint,axis_v01,79.1897
midpoint,axis_v01,72.126
midpoint,axis_v01,43.9082
midpoint,axis_v01,43.2918
midpoint,axis_v01,26.0241
midpoint,axis_v01,13.6674
midpoint,axis_v01,44.563
midpoint,axis_v01,5.8599
midpoint,axis_v01,85.2615
midpoint,axis_v01,29.3113
midpoint,axis_v01,41.0032
midpoint,axis_v01,5.651
midpoint,axis_v01,56.9225
midpoint,axis_v01,87.2949
midpoint,axis_v01,18.2893
midpoint,axis_v01,17.6453
midpoint,axis_v01,84.1217
midpoint,axis_v01,21.9975
midpoint,axis_v01,28.6834
midpoint,axis_v01,76.8572
midpoint,axis_v01,11.825
midpoint,axis_v01,75.1765
midpoint,axis_v01,34.4937
midpoint,axis_v01,52.4705
midpoint,axis_v01,35.5565
midpoint,axis_v01,82.6711
midpoint,axis_v01,74.9511
midpoint,axis_v01,69.9647
midpoint,axis_v01,48.4091
midpoint,axis_v01,23.3894
midpoint,axis_v01,4.675
midpoint,axis_v01,13.3305
midpoint,axis_v01,79.2288
midpoint,axis_v01,45.93
midpoint,axis_v01,61.7178
midpoint,axis_v01,30.65
midpoint,axis_v01,62.009
midpoint,axis_v01,64.0401
midpoint,axis_v01,7.7298
midpoint,axis_v01,87.3153
midpoint,axis_v01,50.3905
midpoint,axis_v01,86.8892
midpoint,axis_v01,89.7117
midpoint,axis_v01,87.1623
midpoint,axis_v01,80.5303
midpoint,axis_v01,60.353
midpoint,axis_v01,41.9311
midpoint,axis_v01,30.0592
midpoint,axis_v01,52.1016
midpoint,axis_v01,40.3945
midpoint,axis_v01,82.2259
midpoint,axis_v01,51.8481
midpoint,axis_v01,51.2743
midpoint,axis_v01,11.9193
midpoint,axis_v01,4.8988
midpoint,axis_v01,82.3013
midpoint,axis_v01,14.2883
midpoint,axis_v01,49.6734
midpoint,axis_v01,85.4331
midpoint,axis_v01,8.0448
midpoint,axis_v01,78.6202
midpoint,axis_v01,52.1755
midpoint,axis_v01,24.6028
midpoint,axis_v01,23.9868
midpoint,axis_v01,1.7516
midpoint,axis_v01,63.2832
midpoint,axis_v01,32.7801
midpoint,axis_v01,29.3997
midpoint,axis_v01,8.869
midpoint,axis_v01,10.0248
midpoint,axis_v01,4.2288
midpoint,axis_v01,57.8486
midpoint,axis_v01,87.2153
midpoint,axis_v01,86.3954
midpoint,axis_v01,4.0996
midpoint,axis_v01,87.0598
midpoint,axis_v01,86.79
midpoint,axis_v01,82.4595
midpoint,axis_v01,79.5466
midpoint,axis_v01,77.1388
midpoint,axis_v01,21.0599
midpoint,axis_v01,15.3583
midpoint,axis_v01,50.9104
midpoint,axis_v01,48.8325
midpoint,axis_v01,51.7011
midpoint,axis_v02,80.7188
midpoint,axis_v02,6.5746
midpoint,axis_v02,3.2477
midpoint,axis_v02,20.5221
midpoint,axis_v02,27.3662
midpoint,axis_v02,14.0574
midpoint,axis_v02,4.2043
midpoint,axis_v02,73.9362
midpoint,axis_v02,62.5821
midpoint,axis_v02,28.8582
midpoint,axis_v02,77.9226
midpoint,axis_v02,78.9991
midpoint,axis_v02,19.8849
midpoint,axis_v02,28.2552
midpoint,axis_v02,23.0368
midpoint,axis_v02,29.811
midpoint,axis_v02,50.0839
midpoint,axis_v02,77.5858
midpoint,axis_v02,81.9973
midpoint,axis_v02,18.2191
midpoint,axis_v02,89.7926
midpoint,axis_v02,86.3806
midpoint,axis_v02,44.5878
midpoint,axis_v02,81.9943
midpoint,axis_v02,71.8902
midpoint,axis_v02,81.4869
midpoint,axis_v02,84.3987
midpoint,axis_v02,61.757
midpoint,axis_v02,82.1421
midpoint,axis_v02,32.8948
midpoint,axis_v02,18.0251
midpoint,axis_v02,89.9999
midpoint,axis_v02,78.5623
midpoint,axis_v02,10.15
midpoint,axis_v02,60.2687
midpoint,axis_v02,70.176
midpoint,axis_v02,39.5565
midpoint,axis_v02,39.8124
midpoint,axis_v02,85.9482
midpoint,axis_v02,85.9338
midpoint,axis_v02,18.5325
midpoint,axis_v02,85.2153
midpoint,axis_v02,85.9673
midpoint,axis_v02,65.4852
midpoint,axis_v02,59.3689
midpoint,axis_v02,51.0553
midpoint,axis_v02,89.4412
midpoint,axis_v02,89.7052
midpoint,axis_v02,86.097
midpoint,axis_v02,85.5917
midpoint,axis_v02,47.9115
midpoint,axis_v02,12.3607
midpoint,axis_v02,67.3278
midpoint,axis_v02,57.4138
midpoint,axis_v02,13.8192
midpoint,axis_v02,81.457
midpoint,axis_v02,89.2384
midpoint,axis_v02,86.6238
midpoint,axis_v02,3.1491
midpoint,axis_v02,27.8979
midpoint,axis_v02,31.3672
midpoint,axis_v02,58.081
midpoint,axis_v02,10.0431
midpoint,axis_v02,83.1867
midpoint,axis_v02,86.6794
midpoint,axis_v02,46.2874
midpoint,axis_v02,37.5893
midpoint,axis_v02,8.1308
midpoint,axis_v02,16.0837
midpoint,axis_v02,89.9997
midpoint,axis_v02,82.988
midpoint,axis_v02,59.6351
midpoint,axis_v02,68.6779
midpoint,axis_v02,83.6146
midpoint,axis_v02,80.1167
midpoint,axis_v02,87.4527
midpoint,axis_v02,58.7723
midpoint,axis_v02,21.4356
midpoint,axis_v02,34.0957
midpoint,axis_v02,5.826
midpoint,axis_v02,65.752
midpoint,axis_v02,63.9597
midpoint,axis_v02,70.0022
midpoint,axis_v02,7.7803
midpoint,axis_v02,8.3325
midpoint,axis_v02,83.4758
midpoint,axis_v02,45.2058
midpoint,axis_v02,78.0241
midpoint,axis_v02,13.2114
midpoint,axis_v02,12.2768
midpoint,axis_v02,87.5438
midpoint,axis_v02,81.2964
midpoint,axis_v02,45.2613
midpoint,axis_v02,3.9969
midpoint,axis_v02,74.9165
midpoint,axis_v02,4.4922
midpoint,axis_v02,67.7322
midpoint,axis_v02,83.4681
midpoint,axis_v02,85.2929
midpoint,axis_v02,58.7801
midpoint,axis_v02,60.8315
midpoint,axis_v02,85.5658
midpoint,axis_v02,29.2995
midpoint,axis_v02,10.8471
midpoint,axis_v02,89.0387
midpoint,axis_v02,21.6356
midpoint,axis_v02,72.6485
midpoint,axis_v02,46.9687
midpoint,axis_v02,19.1141
midpoint,axis_v02,5.9733
midpoint,axis_v02,37.8599
midpoint,axis_v02,42.4202
midpoint,axis_v02,77.0732
midpoint,axis_v02,60.2239
midpoint,axis_v02,16.2119
midpoint,axis_v02,86.9917
midpoint,axis_v02,7.6887
midpoint,axis_v02,88.9104
midpoint,axis_v02,83.5501
midpoint,axis_v02,18.2412
midpoint,axis_v02,18.0634
midpoint,axis_v02,89.7061
midpoint,axis_v02,12.0959
midpoint,axis_v02,77.9506
midpoint,axis_v02,52.7355
midpoint,axis_v02,75.6374
midpoint,axis_v02,9.2567
midpoint,axis_v02,6.176
midpoint,axis_v02,65.8087
midpoint,axis_v02,4.7162
midpoint,axis_v02,12.5385
midpoint,axis_v02,79.7471
midpoint,axis_v02,38.6675
midpoint,axis_v02,70.978
midpoint,axis_v02,82.2615
midpoint,axis_v02,63.3381
midpoint,axis_v02,67.6904
midpoint,axis_v02,88.3081
midpoint,axis_v02,86.7622
midpoint,axis_v02,39.7983
midpoint,axis_v02,39.586
midpoint,axis_v02,1.8241
midpoint,axis_v02,5.5199
midpoint,axis_v02,28.0125
midpoint,axis_v02,28.2897
midpoint,axis_v02,3.4721
midpoint,axis_v02,12.218
midpoint,axis_v02,81.3245
midpoint,axis_v02,74.5501
midpoint,axis_v02,30.1764
midpoint,axis_v02,58.229
midpoint,axis_v02,88.4042
midpoint,axis_v02,5.1615
midpoint,axis_v02,63.5837
midpoint,axis_v02,51.5723
midpoint,axis_v02,88.7692
midpoint,axis_v02,24.4479
midpoint,axis_v02,90.0
midpoint,axis_v02,62.6697
midpoint,axis_v02,15.5315
midpoint,axis_v02,70.4907
midpoint,axis_v02,87.9709
midpoint,axis_v02,45.4984
midpoint,axis_v02,49.5885
midpoint,axis_v02,34.7621
midpoint,axis_v02,75.0611
midpoint,axis_v02,49.0285
midpoint,axis_v02,49.145
midpoint,axis_v02,89.4947
midpoint,axis_v02,51.885
midpoint,axis_v02,89.6505
midpoint,axis_v02,72.0738
midpoint,axis_v02,25.5119
midpoint,axis_v02,43.7557
midpoint,axis_v02,25.4067
midpoint,axis_v02,64.6081
midpoint,axis_v02,22.1855
midpoint,axis_v02,71.4363
midpoint,axis_v02,56.2047
midpoint,axis_v02,83.4198
midpoint,axis_v02,15.1057
midpoint,axis_v02,88.9834
midpoint,axis_v02,47.1342
midpoint,axis_v02,22.4784
midpoint,axis_v02,86.5882
midpoint,axis_v02,9.9658
midpoint,axis_v02,3.2123
midpoint,axis_v02,11.5935
midpoint,axis_v02,38.9374
midpoint,axis_v02,78.3952
midpoint,axis_v02,79.7883
midpoint,axis_v02,77.7924
midpoint,axis_v02,62.5293
midpoint,axis_v02,58.2246
midpoint,axis_v02,4.4711
midpoint,axis_v02,7.4086
midpoint,axis_v02,6.5115
midpoint,axis_v02,2.6701
midpoint,axis_v02,39.4756
midpoint,axis_v02,10.0077
midpoint,axis_v02,21.7603
midpoint,axis_v02,58.5541
midpoint,axis_v02,64.6255
midpoint,axis_v02,21.3065
midpoint,axis_v02,68.7904
midpoint,axis_v02,46.5698
midpoint,axis_v02,1.5568
midpoint,axis_v02,84.1706
midpoint,axis_v02,24.9862
midpoint,axis_v02,14.052
midpoint,axis_v02,15.1986
midpoint,axis_v02,87.2616
midpoint,axis_v02,41.047
midpoint,axis_v02,1.3023
midpoint,axis_v02,75.8808
midpoint,axis_v02,67.1736
midpoint,axis_v02,32.6423
midpoint,axis_v02,36.5559
midpoint,axis_v02,26.8798
midpoint,axis_v02,35.0562
midpoint,axis_v02,81.6299
midpoint,axis_v02,35.7683
midpoint,axis_v02,43.8612
midpoint,axis_v02,7.7975
midpoint,axis_v02,19.0995
midpoint,axis_v02,88.9812
midpoint,axis_v02,89.922
midpoint,axis_v02,62.751
midpoint,axis_v02,60.7926
midpoint,axis_v02,64.2387
midpoint,axis_v02,62.5697
midpoint,axis_v02,20.3175
midpoint,axis_v02,19.7843
midpoint,axis_v02,39.3652
midpoint,axis_v02,76.4569
midpoint,axis_v02,87.4257
midpoint,axis_v02,80.3814
midpoint,axis_v02,88.7922
midpoint,axis_v02,24.2991
midpoint,axis_v02,82.0802
midpoint,axis_v02,60.5708
midpoint,axis_v02,33.6278
midpoint,axis_v02,86.4855
midpoint,axis_v02,13.5917
midpoint,axis_v02,62.679
midpoint,axis_v02,6.1097
midpoint,axis_v02,11.0514
midpoint,axis_v02,39.7639
midpoint,axis_v02,12.1351
midpoint,axis_v02,88.9466
midpoint,axis_v02,87.8722
midpoint,axis_v02,15.2965
midpoint,axis_v02,16.218
midpoint,axis_v02,12.5863
midpoint,axis_v02,37.9483
midpoint,axis_v02,63.3739
midpoint,axis_v02,37.1092
midpoint,axis_v02,4.6487
midpoint,axis_v02,78.9768
midpoint,axis_v02,60.0765
midpoint,axis_v02,21.7675
midpoint,axis_v02,64.5473
midpoint,axis_v02,89.8212
midpoint,axis_v02,24.0707
midpoint,axis_v02,42.4739
midpoint,axis_v02,17.3615
midpoint,axis_v02,44.2508
midpoint,axis_v02,31.5287
midpoint,axis_v02,66.1903
midpoint,axis_v02,88.921
midpoint,axis_v02,82.5506
midpoint,axis_v02,5.2344
midpoint,axis_v02,74.4435
midpoint,axis_v02,45.5065
midpoint,axis_v02,40.4761
midpoint,axis_v02,24.3092
midpoint,axis_v02,60.3616
midpoint,axis_v02,78.2601
midpoint,axis_v02,80.4284
midpoint,axis_v02,89.6554
midpoint,axis_v02,52.1516
midpoint,axis_v02,22.8134
midpoint,axis_v02,27.6098
midpoint,axis_v02,71.4391
midpoint,axis_v02,46.1363
midpoint,axis_v02,43.7736
midpoint,axis_v02,42.829
midpoint,axis_v02,7.4094
midpoint,axis_v02,50.5302
midpoint,axis_v02,87.6683
midpoint,axis_v02,1.9089
midpoint,axis_v02,30.3845
midpoint,axis_v02,87.7271
midpoint,axis_v02,3.9394
midpoint,axis_v02,56.0656
midpoint,axis_v02,85.2718
midpoint,axis_v02,88.8318
midpoint,axis_v02,56.1305
midpoint,axis_v02,38.6793
midpoint,axis_v02,4.0898
midpoint,axis_v02,6.9387
midpoint,axis_v03,67.8837
midpoint,axis_v03,66.6822
midpoint,axis_v03,6.4404
midpoint,axis_v03,20.8645
midpoint,axis_v03,85.734
midpoint,axis_v03,0.3969
midpoint,axis_v03,26.1402
midpoint,axis_v03,15.2106
midpoint,axis_v03,76.5431
midpoint,axis_v03,5.6919
midpoint,axis_v03,7.5495
midpoint,axis_v03,87.8984
midpoint,axis_v03,14.4558
midpoint,axis_v03,83.0155
midpoint,axis_v03,86.7662
midpoint,axis_v03,34.0131
midpoint,axis_v03,16.8999
midpoint,axis_v03,88.8622
midpoint,axis_v03,80.1992
midpoint,axis_v03,5.2939
midpoint,axis_v03,64.6735
midpoint,axis_v03,5.5112
midpoint,axis_v03,37.8089
midpoint,axis_v03,9.8933
midpoint,axis_v03,11.7471
midpoint,axis_v03,33.5816
midpoint,axis_v03,84.2993
midpoint,axis_v03,0.8156
midpoint,axis_v03,56.3747
midpoint,axis_v03,13.0995
midpoint,axis_v03,15.4336
midpoint,axis_v03,85.2417
midpoint,axis_v03,65.2124
midpoint,axis_v03,12.5876
midpoint,axis_v03,88.0114
midpoint,axis_v03,87.1199
midpoint,axis_v03,28.7681
midpoint,axis_v03,3.8684
midpoint,axis_v03,3.798
midpoint,axis_v03,23.5721
midpoint,axis_v03,75.3367
midpoint,axis_v03,26.0847
midpoint,axis_v03,59.516
midpoint,axis_v03,8.4131
midpoint,axis_v03,85.9783
midpoint,axis_v03,88.6912
midpoint,axis_v03,76.697
midpoint,axis_v03,86.7485
midpoint,axis_v03,18.4558
midpoint,axis_v03,47.7095
midpoint,axis_v03,1.3164
midpoint,axis_v03,10.0552
midpoint,axis_v03,33.9303
midpoint,axis_v03,72.9042
midpoint,axis_v03,5.2724
midpoint,axis_v03,2.8472
midpoint,axis_v03,29.9226
midpoint,axis_v03,62.0092
midpoint,axis_v03,69.0065
midpoint,axis_v03,6.9091
midpoint,axis_v03,89.0301
midpoint,axis_v03,19.4308
midpoint,axis_v03,85.5749
midpoint,axis_v03,83.6266
midpoint,axis_v03,18.3627
midpoint,axis_v03,40.7267
midpoint,axis_v03,85.7472
midpoint,axis_v03,4.5002
midpoint,axis_v03,58.7385
midpoint,axis_v03,35.1423
midpoint,axis_v03,7.483
midpoint,axis_v03,7.3319
midpoint,axis_v03,80.4306
midpoint,axis_v03,87.7956
midpoint,axis_v03,54.1709
midpoint,axis_v03,34.8322
midpoint,axis_v03,72.1819
midpoint,axis_v03,77.3559
midpoint,axis_v03,6.4133
midpoint,axis_v03,82.4321
midpoint,axis_v03,11.0383
midpoint,axis_v03,87.8981
midpoint,axis_v03,74.9237
midpoint,axis_v03,56.6659
midpoint,axis_v03,80.6039
midpoint,axis_v03,21.6422
midpoint,axis_v03,88.0695
midpoint,axis_v03,6.6052
midpoint,axis_v03,84.2169
midpoint,axis_v03,88.6003
midpoint,axis_v03,42.0914
midpoint,axis_v03,62.6636
midpoint,axis_v03,88.4209
midpoint,axis_v03,85.9338
midpoint,axis_v03,34.5389
midpoint,axis_v03,3.045
midpoint,axis_v03,88.6624
midpoint,axis_v03,88.8266
midpoint,axis_v03,0.8883
midpoint,axis_v03,82.1747
midpoint,axis_v03,84.8552
midpoint,axis_v03,41.1897
midpoint,axis_v03,83.176
midpoint,axis_v03,85.5776
midpoint,axis_v03,52.5823
midpoint,axis_v03,83.0729
midpoint,axis_v03,68.6754
midpoint,axis_v03,22.7838
midpoint,axis_v03,11.5843
midpoint,axis_v03,14.3319
midpoint,axis_v03,5.8138
midpoint,axis_v03,79.6941
midpoint,axis_v03,74.2694
midpoint,axis_v03,12.343
midpoint,axis_v03,68.6334
midpoint,axis_v03,45.0613
midpoint,axis_v03,23.8571
midpoint,axis_v03,87.8033
midpoint,axis_v03,85.0019
midpoint,axis_v03,77.7228
midpoint,axis_v03,4.6496
midpoint,axis_v03,3.9064
midpoint,axis_v03,6.6724
midpoint,axis_v03,67.7799
midpoint,axis_v03,65.1025
midpoint,axis_v03,60.1657
midpoint,axis_v03,58.1989
midpoint,axis_v03,19.5659
midpoint,axis_v03,68.1624
midpoint,axis_v03,80.7159
midpoint,axis_v03,63.4911
midpoint,axis_v03,72.3042
midpoint,axis_v03,89.7283
midpoint,axis_v03,25.0673
midpoint,axis_v03,9.1154
midpoint,axis_v03,24.0913
midpoint,axis_v03,89.074
midpoint,axis_v03,87.1401
midpoint,axis_v03,2.9698
midpoint,axis_v03,89.4351
midpoint,axis_v03,79.2515
midpoint,axis_v03,72.2032
midpoint,axis_v03,71.0544
midpoint,axis_v03,26.9891
midpoint,axis_v03,6.7895
midpoint,axis_v03,24.2588
midpoint,axis_v03,51.101
midpoint,axis_v03,84.219
midpoint,axis_v03,6.6302
midpoint,axis_v03,20.5527
midpoint,axis_v03,15.7759
midpoint,axis_v03,2.8551
midpoint,axis_v03,42.6343
midpoint,axis_v03,73.6704
midpoint,axis_v03,28.4047
midpoint,axis_v03,6.2103
midpoint,axis_v03,80.2443
midpoint,axis_v03,86.4235
midpoint,axis_v03,61.9813
midpoint,axis_v03,17.0312
midpoint,axis_v03,30.0783
midpoint,axis_v03,87.3532
midpoint,axis_v03,13.493
midpoint,axis_v03,4.6673
midpoint,axis_v03,78.3305
midpoint,axis_v03,34.5524
midpoint,axis_v03,86.6127
midpoint,axis_v03,5.0573
midpoint,axis_v03,69.8757
midpoint,axis_v03,37.326
midpoint,axis_v03,8.2215
midpoint,axis_v03,5.2113
midpoint,axis_v03,53.9978
midpoint,axis_v03,86.4149
midpoint,axis_v03,36.7602
midpoint,axis_v03,82.5327
midpoint,axis_v03,77.064
midpoint,axis_v03,86.3484
midpoint,axis_v03,81.7308
midpoint,axis_v03,54.5296
midpoint,axis_v03,13.6056
midpoint,axis_v03,8.1275
midpoint,axis_v03,13.4373
midpoint,axis_v03,87.4396
midpoint,axis_v03,18.9745
midpoint,axis_v03,55.6055
midpoint,axis_v03,75.0586
midpoint,axis_v03,80.1705
midpoint,axis_v03,87.2296
midpoint,axis_v03,5.8825
midpoint,axis_v03,6.9305
midpoint,axis_v03,66.485
midpoint,axis_v03,85.6899
midpoint,axis_v03,39.9126
midpoint,axis_v03,85.2379
midpoint,axis_v03,63.5484
midpoint,axis_v03,64.1386
midpoint,axis_v03,26.5318
midpoint,axis_v03,76.4651
midpoint,axis_v03,87.674
midpoint,axis_v03,54.7005
midpoint,axis_v03,43.5454
midpoint,axis_v03,83.9705
midpoint,axis_v03,89.7539
midpoint,axis_v03,87.1215
midpoint,axis_v03,4.8269
midpoint,axis_v03,6.4714
midpoint,axis_v03,84.5216
midpoint,axis_v03,6.5818
midpoint,axis_v03,89.6369
midpoint,axis_v03,15.3376
midpoint,axis_v03,4.7983
midpoint,axis_v03,83.4866
midpoint,axis_v03,84.3005
midpoint,axis_v03,40.0128
midpoint,axis_v03,70.4508
midpoint,axis_v03,50.2625
midpoint,axis_v03,56.7009
midpoint,axis_v03,70.5334
midpoint,axis_v03,41.5552
midpoint,axis_v03,19.8095
midpoint,axis_v03,14.3796
midpoint,axis_v03,66.2046
midpoint,axis_v03,9.8422
midpoint,axis_v03,10.9945
midpoint,axis_v03,83.4147
midpoint,axis_v03,6.1334
midpoint,axis_v03,85.0174
midpoint,axis_v03,12.3017
midpoint,axis_v03,89.9999
midpoint,axis_v03,2.7182
midpoint,axis_v03,23.1694
midpoint,axis_v03,10.4498
midpoint,axis_v03,48.3048
midpoint,axis_v03,76.8151
midpoint,axis_v03,42.949
midpoint,axis_v03,71.0726
midpoint,axis_v03,32.9508
midpoint,axis_v03,33.6832
midpoint,axis_v03,55.0654
midpoint,axis_v03,69.9415
midpoint,axis_v03,83.8714
midpoint,axis_v03,64.1475
midpoint,axis_v03,44.92
midpoint,axis_v03,75.9248
midpoint,axis_v03,78.2755
midpoint,axis_v03,88.9192
midpoint,axis_v03,4.826
midpoint,axis_v03,4.2046
midpoint,axis_v03,36.207
midpoint,axis_v03,10.2971
midpoint,axis_v03,81.0232
midpoint,axis_v03,9.3438
midpoint,axis_v03,34.2963
midpoint,axis_v03,20.9503
midpoint,axis_v03,88.6876
midpoint,axis_v03,85.1143
midpoint,axis_v03,8.2355
midpoint,axis_v03,16.3873
midpoint,axis_v03,17.4701
midpoint,axis_v03,21.1059
midpoint,axis_v03,69.0902
midpoint,axis_v03,8.4788
midpoint,axis_v03,87.747
midpoint,axis_v03,9.0356
midpoint,axis_v03,87.1445
midpoint,axis_v03,6.4893
midpoint,axis_v03,52.6161
midpoint,axis_v03,80.7953
midpoint,axis_v03,54.4149
midpoint,axis_v03,36.625
midpoint,axis_v03,13.412
midpoint,axis_v03,80.4758
midpoint,axis_v03,81.8284
midpoint,axis_v03,83.508
midpoint,axis_v03,82.2163
midpoint,axis_v03,89.9232
midpoint,axis_v03,83.5244
midpoint,axis_v03,87.6068
midpoint,axis_v03,87.1863
midpoint,axis_v03,27.7359
midpoint,axis_v03,79.8932
midpoint,axis_v03,34.8438
midpoint,axis_v03,80.1013
midpoint,axis_v03,84.7329
midpoint,axis_v03,14.9381
midpoint,axis_v03,51.8921
midpoint,axis_v03,18.3172
midpoint,axis_v03,11.5831
midpoint,axis_v03,7.9148
midpoint,axis_v03,32.3402
midpoint,axis_v03,86.1187
midpoint,axis_v03,6.9945
midpoint,axis_v03,36.7606
midpoint,axis_v03,4.9235
midpoint,axis_v03,19.4451
midpoint,axis_v03,34.9591
midpoint,axis_v03,83.1032
midpoint,axis_v03,64.1049
midpoint,axis_v03,72.7863
midpoint,axis_v03,15.331
midpoint,axis_v03,22.7144
midpoint,axis_v03,49.2294
midpoint,axis_v03,53.7212
midpoint,axis_v03,86.8066
midpoint,axis_v03,89.3818
midpoint,axis_v03,85.7391
midpoint,axis_v03,30.5933
midpoint,axis_v03,85.4845
midpoint,axis_v03,8.451
midpoint,axis_v03,75.9493
midpoint,axis_v03,81.4252
midpoint,axis_v03,18.3518
midpoint,axis_v03,1.6349
midpoint,axis_v03,6.2423
midpoint,axis_v03,3.0556
midpoint,axis_v03,36.1692
midpoint,axis_v03,37.1613
midpoint,axis_v03,86.4019
midpoint,axis_v03,81.0898
midpoint,axis_v03,38.4322
midpoint,axis_v03,76.8736
midpoint,axis_v03,87.4922
midpoint,axis_v03,69.6937
midpoint,axis_v03,81.7807
midpoint,axis_v03,79.566
midpoint,axis_v03,34.2007
midpoint,axis_v03,56.6356
midpoint,axis_v03,81.5826
midpoint,axis_v03,3.5902
midpoint,axis_v03,3.3244
midpoint,axis_v03,76.9831
midpoint,axis_v03,87.7073
midpoint,axis_v03,49.8459
midpoint,axis_v03,81.4934
midpoint,axis_v03,19.4388
midpoint,axis_v03,89.1478
midpoint,axis_v03,75.9408
midpoint,axis_v03,64.9094
midpoint,axis_v03,86.6461
midpoint,axis_v03,20.9327
midpoint,axis_v03,18.1532
midpoint,axis_v03,36.6183
midpoint,axis_v03,75.1453
midpoint,axis_v03,52.972
midpoint,axis_v03,8.563
midpoint,axis_v03,68.7091
midpoint,axis_v03,37.8848
midpoint,axis_v03,5.4896
midpoint,axis_v03,18.4216
midpoint,axis_v03,18.2564
midpoint,axis_v03,31.7735
midpoint,axis_v03,2.9079
midpoint,axis_v03,84.0084
midpoint,axis_v03,17.5672
midpoint,axis_v03,77.9507
midpoint,axis_v03,89.4923
midpoint,axis_v03,84.2052
midpoint,axis_v03,19.9044
midpoint,axis_v03,89.2917
midpoint,axis_v03,82.4989
midpoint,axis_v03,21.2523
midpoint,axis_v03,64.28
midpoint,axis_v03,14.9331
midpoint,axis_v03,9.0357
midpoint,axis_v03,39.0934
midpoint,axis_v03,6.8822
midpoint,axis_v03,62.7636
midpoint,axis_v03,81.0021
midpoint,axis_v03,22.7306
midpoint,axis_v03,5.3136
midpoint,axis_v03,11.2818
midpoint,axis_v03,77.4949
midpoint,axis_v03,27.9393
midpoint,axis_v03,83.7072
midpoint,axis_v03,5.3627
midpoint,axis_v03,47.0971
midpoint,axis_v03,67.8631
midpoint,axis_v03,13.7489
midpoint,axis_v03,13.4427
midpoint,axis_v03,84.9566
midpoint,axis_v03,8.3245
midpoint,axis_v03,88.9317
midpoint,axis_v03,9.3047
midpoint,axis_v03,18.5566
midpoint,axis_v03,8.436
midpoint,axis_v03,88.6027
midpoint,axis_v03,87.5669
midpoint,axis_v03,23.9077
midpoint,axis_v03,11.4161
midpoint,axis_v03,2.2246
midpoint,axis_v03,72.0149
midpoint,axis_v03,4.0196
midpoint,axis_v03,24.7
midpoint,axis_v03,1.2412
midpoint,axis_v03,86.3048
midpoint,axis_v03,19.6166
midpoint,axis_v03,10.665
midpoint,axis_v03,88.8993
midpoint,axis_v03,57.6648
midpoint,axis_v03,4.7566
midpoint,axis_v03,50.8274
midpoint,axis_v03,68.67
midpoint,axis_v03,3.7225
midpoint,axis_v03,78.9511
midpoint,axis_v03,13.0108
midpoint,axis_v03,65.2099
midpoint,axis_v03,9.639
midpoint,axis_v03,88.2951
midpoint,axis_v03,75.3542
midpoint,axis_v03,11.2165
midpoint,axis_v03,89.8604
midpoint,axis_v03,17.4984
midpoint,axis_v03,34.6767
midpoint,axis_v03,89.1144
midpoint,axis_v03,34.6453
midpoint,axis_v03,70.6622
midpoint,axis_v03,18.1224
midpoint,axis_v03,3.707
midpoint,axis_v03,55.9033
midpoint,axis_v03,62.9013
midpoint,axis_v03,83.1921
midpoint,axis_v03,73.5074
midpoint,axis_v03,13.6301
midpoint,axis_v03,83.1148
midpoint,axis_v03,76.7951
midpoint,axis_v03,32.785
midpoint,axis_v03,81.581
midpoint,axis_v03,8.6869
midpoint,axis_v03,83.6196
midpoint,axis_v03,10.3241
midpoint,axis_v03,24.67
midpoint,axis_v03,9.098
midpoint,axis_v03,77.4301
midpoint,axis_v03,12.0909
midpoint,axis_v03,68.6881
midpoint,axis_v03,25.9049
midpoint,axis_v03,85.617
midpoint,axis_v03,30.5723
midpoint,axis_v03,15.215
midpoint,axis_v03,3.1729
midpoint,axis_v03,74.2604
midpoint,axis_v03,86.5459
midpoint,axis_v03,88.9768
midpoint,axis_v03,88.5167
midpoint,axis_v03,9.3277
midpoint,axis_v03,18.1321
midpoint,axis_v03,16.6298
midpoint,axis_v03,48.4479
midpoint,axis_v03,2.9219
midpoint,axis_v03,4.1361
midpoint,axis_v03,63.2922
midpoint,axis_v03,69.2522
midpoint,axis_v03,3.3209
midpoint,axis_v03,10.0944
midpoint,axis_v03,72.1047
midpoint,axis_v03,84.3041
midpoint,axis_v03,15.7408
midpoint,axis_v03,86.643
midpoint,axis_v03,87.8042
midpoint,axis_v03,82.2619
midpoint,axis_v03,1.2581
midpoint,axis_v03,36.7762
midpoint,axis_v03,81.2903
midpoint,axis_v03,6.6325
midpoint,axis_v03,77.3712
midpoint,axis_v03,78.1726
midpoint,axis_v03,8.5018
midpoint,axis_v03,6.7702
midpoint,axis_v03,21.7948
midpoint,axis_v03,48.5357
midpoint,axis_v03,15.0392
midpoint,axis_v03,88.6952
midpoint,axis_v03,13.173
midpoint,axis_v03,46.6946
midpoint,axis_v03,13.0129
midpoint,axis_v03,3.1068
midpoint,axis_v03,5.5986
midpoint,axis_v03,5.2432
midpoint,axis_v03,6.6086
midpoint,axis_v03,83.1996
midpoint,axis_v03,46.8423
midpoint,axis_v03,88.9394
midpoint,axis_v03,15.0047
midpoint,axis_v03,85.0284
midpoint,axis_v03,80.409
midpoint,axis_v03,21.8193
midpoint,axis_v03,10.6944
midpoint,axis_v03,10.895
midpoint,axis_v03,46.701
midpoint,axis_v03,80.3106
midpoint,axis_v03,15.6353
midpoint,axis_v03,13.7553
midpoint,axis_v03,4.3553
midpoint,axis_v03,6.0885
midpoint,axis_v03,82.1012
midpoint,axis_v03,82.9875
midpoint,axis_v03,38.1868
midpoint,axis_v03,70.7514
midpoint,axis_v03,17.2783
midpoint,axis_v03,9.4194
midpoint,axis_v03,8.9038
midpoint,axis_v03,85.6655
midpoint,axis_v03,4.4512
midpoint,axis_v03,8.783
midpoint,axis_v03,75.6222
midpoint,axis_v03,86.2821
midpoint,axis_v03,21.7236
midpoint,axis_v03,60.0297
midpoint,axis_v03,35.3381
midpoint,axis_v03,21.0257
midpoint,axis_v03,85.5271
midpoint,axis_v03,9.7695
midpoint,axis_v03,15.3723
midpoint,axis_v03,77.0737
midpoint,axis_v03,79.0455
midpoint,axis_v03,66.2497
midpoint,axis_v03,64.127
midpoint,axis_v03,9.4982
midpoint,axis_v03,25.0541
midpoint,axis_v03,8.7686
midpoint,axis_v03,82.9857
midpoint,axis_v03,42.8041
midpoint,axis_v03,40.9333
midpoint,axis_v03,52.651
midpoint,axis_v03,83.8145
midpoint,axis_v03,16.7845
midpoint,axis_v03,22.9677
midpoint,axis_v03,7.2421
midpoint,axis_v03,20.2335
midpoint,axis_v03,4.7977
midpoint,axis_v03,85.7558
midpoint,axis_v03,87.7212
midpoint,axis_v03,87.8381
midpoint,axis_v03,87.7416
midpoint,axis_v03,8.2305
midpoint,axis_v03,73.3141
midpoint,axis_v03,89.8761
midpoint,axis_v03,87.8635
midpoint,axis_v03,9.9351
midpoint,axis_v03,85.3603
midpoint,axis_v03,3.9718
midpoint,axis_v03,81.2009
midpoint,axis_v03,16.1044
midpoint,axis_v03,49.5904
midpoint,axis_v03,3.4914
midpoint,axis_v03,67.5975
midpoint,axis_v03,75.8848
midpoint,axis_v03,16.4965
midpoint,axis_v03,9.8087
midpoint,axis_v03,70.5631
midpoint,axis_v03,9.0735
midpoint,axis_v03,62.7378
midpoint,axis_v03,1.6175
midpoint,axis_v03,73.822
midpoint,axis_v03,3.506
midpoint,axis_v03,85.4918
midpoint,axis_v03,71.8458
midpoint,axis_v03,39.5723
midpoint,axis_v03,45.1397
midpoint,axis_v03,88.1001
midpoint,axis_v03,54.8895
midpoint,axis_v03,61.1908
midpoint,axis_v03,35.4243
midpoint,axis_v03,41.1605
midpoint,axis_v03,45.8278
midpoint,axis_v03,56.2852
midpoint,axis_v03,6.8618
midpoint,axis_v03,76.2559
midpoint,axis_v03,38.3914
midpoint,axis_v03,8.7879
midpoint,axis_v03,59.3969
midpoint,axis_v03,13.0279
midpoint,axis_v03,8.6667
midpoint,axis_v03,12.0006
midpoint,axis_v03,7.7894
midpoint,axis_v03,58.5157
midpoint,axis_v03,27.913
midpoint,axis_v03,48.2631
midpoint,axis_v03,29.721
midpoint,axis_v03,3.2477
midpoint,axis_v03,43.8426
midpoint,axis_v03,42.104
midpoint,axis_v03,87.4887
midpoint,axis_v03,1.8985
midpoint,axis_v03,3.5599
midpoint,axis_v03,9.2626
midpoint,axis_v03,24.5774
midpoint,axis_v03,7.3555
midpoint,axis_v03,78.6163
midpoint,axis_v03,5.0588
midpoint,axis_v03,48.3437
midpoint,axis_v03,77.9469
midpoint,axis_v03,84.1232
midpoint,axis_v03,86.3194
midpoint,axis_v03,44.2045
midpoint,axis_v03,79.4767
midpoint,axis_v03,11.0197
midpoint,axis_v03,19.0945
midpoint,axis_v03,12.6449
midpoint,axis_v03,29.8812
midpoint,axis_v03,42.3374
